ipc,context_switches(K/sec),cpu_migrations(/sec),page_faults(/sec),branches(M/sec),branch_misses(%),L1_dcache_loads(M/sec),L1_dcache_load_misses(%),r (procs),b (procs),Swap (KB),Free (KB),Buffers (KB),Cached (KB),si (KB/s),so (KB/s),bi (blocks/s),bo (blocks/s),in (interrupts/s),cs (context switches/s),us (%),sy (%),id (%),wa (%),st (%),avg-latency(ms)
0.64,4.554,38.904,30644.224,202.821,1.87,262.279,11.79,7.8,0.8,1079510.4,450922.4,73652.0,988908.8,20.0,115769.6,28.0,131568.0,14250.4,21678.4,31.4,64.4,2.4,1.8,0.0,10.905650745738637
0.52,4.194,24.266,41142.272,164.996,1.8,205.453,13.91,8.2,0.2,840396.0,2442668.0,54601.6,921467.2,120.8,0.0,783.2,12804.0,9293.6,16775.0,35.0,61.4,3.2,0.6,0.0,13.413934240362426
0.47,3.403,25.831,17934.336,135.489,1.82,164.34,15.11,11.2,0.0,957638.4,1602553.6,35332.0,411594.4,76.8,0.0,4916.8,10714.4,7656.6,13292.6,41.8,55.0,3.0,0.6,0.0,22.544009344918383
0.5,4.215,21.361,40121.344,158.471,1.82,198.404,14.36,8.0,0.0,980576.0,3501177.6,49303.2,393835.2,3248.0,0.0,5413.6,12181.6,9567.4,16873.8,35.2,60.8,3.4,1.0,0.0,14.345943642575206
0.53,4.371,22.965,37102.592,158.991,1.85,199.105,13.91,10.4,1.0,976784.8,3335222.4,92075.2,404136.0,78.4,0.0,101.6,12980.0,10206.4,17762.8,36.0,60.0,3.6,0.6,0.0,14.52584589942027
0.51,4.019,19.647,33649.664,137.186,1.87,172.745,13.97,11.0,0.4,976252.8,3059136.8,113020.8,405505.6,96.8,0.0,110.4,11888.8,8984.4,15656.2,36.0,59.8,3.4,0.6,0.0,14.675027292340191
0.51,3.554,20.062,31088.64,122.291,1.85,153.741,14.49,10.2,0.2,975377.6,3669924.0,124124.8,405076.0,22.4,0.0,70.4,11502.4,8051.0,14354.2,34.6,62.0,3.2,0.6,0.0,19.292865044031387
0.51,3.658,20.687,30850.048,124.799,1.88,157.157,13.97,10.8,0.2,975296.0,3749226.4,131192.0,403678.4,36.0,0.0,203.2,11580.8,8485.0,14858.6,36.8,59.8,3.0,0.8,0.0,17.256399680828224
0.55,3.732,25.264,19272.704,153.89,1.88,194.162,12.67,9.4,0.0,974896.0,3085096.8,134584.8,416443.2,421.6,0.0,1601.2,10940.8,8422.8,14638.0,38.2,58.2,2.8,1.0,0.0,15.575875864400492
0.52,4.242,20.217,35896.32,154.574,1.88,193.744,14.47,8.8,0.2,974660.0,3185111.2,137044.0,421234.4,12.0,0.0,12.0,12381.6,9394.4,16541.8,38.4,58.4,2.6,0.6,0.0,13.436573424509591
0.52,3.937,21.482,32968.704,153.755,1.71,194.184,14.18,9.2,0.2,974336.0,3100920.0,138456.8,419480.8,49.6,0.0,52.0,12359.2,9114.8,15780.2,37.4,60.2,2.2,0.2,0.0,15.44079952633258
0.54,3.811,25.411,20617.216,146.093,1.73,182.743,13.83,11.2,0.4,974716.0,3732580.8,139108.8,421759.2,8.0,0.0,8.0,11754.4,8580.0,14853.0,40.0,57.6,1.8,0.4,0.0,16.222251393403006
0.56,3.699,21.821,22985.728,142.325,1.77,177.789,13.81,8.8,0.0,974460.0,3142917.6,139592.8,421136.8,49.6,0.0,63.2,11588.8,8219.2,14753.6,39.4,58.8,1.4,0.2,0.0,17.56361214041013
0.53,3.781,29.752,27026.432,137.202,1.89,172.667,14.45,8.4,0.4,974204.0,3689266.4,139872.8,423663.2,27.2,0.0,27.2,12072.0,8658.8,15599.2,38.8,59.4,2.0,0.4,0.0,15.736093045532549
0.58,3.786,30.242,20103.168,159.184,1.62,201.49,12.47,8.4,0.2,973436.0,3668419.2,140199.2,422575.2,16.0,0.0,16.8,12100.0,8535.6,15149.2,40.4,56.2,3.2,0.6,0.0,17.408308594725852
0.56,3.279,32.506,18227.2,141.93,1.68,174.587,12.82,8.8,0.4,994772.0,3517148.8,140307.2,423083.2,3.2,20096.0,51.2,30930.4,7519.4,12977.0,40.2,56.8,2.6,0.6,0.0,19.01605234870428
0.58,3.71,22.647,17062.912,162.576,1.73,200.191,12.19,8.0,1.4,963684.8,3989469.6,140348.0,428905.6,4.8,26772.8,4.8,38160.0,8345.6,14710.4,40.8,56.6,2.4,0.4,0.0,16.44061558867154
0.59,3.822,27.329,21776.384,156.692,1.66,197.17,12.25,10.2,0.2,934904.0,4631293.6,140412.0,427855.2,11.2,0.0,11.2,11954.4,8126.2,15072.4,38.6,58.8,2.4,0.2,0.0,15.795910358428957
0.58,3.778,21.363,14415.872,143.207,1.69,180.146,12.42,10.4,0.2,934623.2,4861484.8,140442.4,431717.6,24.0,0.0,37.6,11594.4,8373.0,14960.6,38.8,58.2,2.8,0.8,0.0,17.719530426295456
0.6,3.527,24.056,9558.016,136.085,1.71,173.712,11.85,8.0,0.6,934421.6,4870417.6,140460.8,429672.8,74.4,0.0,76.0,10908.0,7819.8,13607.4,40.4,56.0,3.0,0.4,0.0,18.15528036600136
0.55,4.063,18.53,20416.512,141.765,1.81,178.28,13.2,9.0,0.4,934226.4,5393788.0,140499.2,431852.0,25.6,0.0,54.4,12299.2,9353.0,16149.4,41.2,55.4,2.8,0.8,0.0,15.419736925924346
0.56,3.993,25.015,19764.224,147.766,1.81,182.155,12.67,7.8,0.2,933905.6,5726116.0,140923.2,426297.6,12.8,0.0,13.6,11895.2,8563.2,15178.2,42.0,55.0,2.6,0.4,0.0,13.877421617507936
0.58,3.114,26.678,9501.696,143.985,1.84,178.368,10.74,10.2,0.0,1175352.8,5355238.4,140932.0,433078.4,17.6,73636.8,24.8,83474.4,7967.8,12434.4,35.2,61.6,2.6,0.6,0.0,17.906151956586694
0.69,3.606,23.339,12130.304,123.428,1.99,236.366,8.15,9.4,0.4,926344.0,5595509.6,140940.0,433834.4,8.0,0.0,8.0,10851.2,8115.6,14009.4,43.4,53.6,3.0,0.6,0.0,16.601411259405502
0.61,3.36,27.407,7058.432,132.17,1.96,203.22,8.9,9.2,0.2,1197894.4,5598750.4,140942.4,434433.6,8.0,69940.0,8.0,80052.8,8735.2,13693.6,36.8,59.0,3.4,1.0,0.0,15.06887728245414
0.7,3.272,26.506,8905.728,149.854,1.73,242.906,8.15,9.8,0.4,1073296.0,5833144.0,140944.0,436340.8,6.4,57564.0,6.4,68368.8,8230.4,13220.0,41.2,55.0,3.0,0.8,0.0,18.9178832321889
0.8,3.317,24.181,4969.472,154.958,1.32,300.618,5.7,9.6,0.0,925364.0,5986697.6,140953.6,438349.6,0.8,0.0,0.8,11513.6,8142.8,13885.4,48.6,47.2,3.6,1.0,0.0,24.314717900368475
0.81,3.806,17.895,9537.536,197.544,1.21,258.745,7.67,10.4,0.4,925312.8,6322584.0,140960.0,438154.4,12.8,0.0,12.8,11762.4,8516.6,14530.0,44.4,52.4,3.0,0.8,0.0,17.730573637295613
0.44,4.055,20.516,1344.512,112.152,2.32,144.042,12.16,9.8,0.2,925108.0,6488504.0,140964.0,434325.6,11.2,17.6,11.2,12751.2,9212.2,16260.0,52.4,44.0,3.0,0.4,0.0,14.070100067926685
0.48,4.18,22.493,37770.24,137.037,1.97,173.086,14.75,9.6,0.0,925364.0,3353462.4,140984.0,435562.4,11.2,0.0,11.2,12916.8,9349.6,16962.6,33.0,62.6,3.8,0.4,0.0,12.409177200853332
0.5,3.729,27.66,37055.488,128.348,1.87,160.25,14.74,8.0,0.0,940144.0,3481298.4,40727.2,424380.0,22.4,0.0,1440.0,11700.8,8527.8,15181.6,32.6,62.8,3.6,0.8,0.0,14.621365361097382
0.48,3.759,33.158,35365.888,129.469,1.93,161.355,14.09,8.8,0.4,1003640.8,2978398.4,50412.8,360957.6,192.8,0.0,5629.6,11785.6,8640.0,15563.0,31.0,64.2,4.2,1.2,0.0,15.671499073505402
0.47,3.808,22.275,31998.976,117.794,2.07,145.505,14.99,7.0,0.4,1039287.2,3576802.4,52000.0,389112.0,2366.4,0.0,13794.0,10991.2,8624.0,14754.2,29.4,67.0,2.4,1.6,0.0,16.10137182649914
0.48,3.962,28.094,39074.816,132.322,1.98,168.107,14.98,10.6,0.0,1034140.0,3632350.4,90920.0,413952.8,188.8,0.0,584.2,11532.8,8914.8,15633.0,30.8,64.4,4.0,0.8,0.0,12.434232802618116
0.47,3.741,23.65,35612.672,123.357,1.87,153.373,14.83,9.0,0.2,1033168.0,3481890.4,110478.4,415652.0,24.8,0.0,39.2,11788.0,8215.6,14318.2,32.6,64.0,3.2,0.8,0.0,16.42516222628918
0.48,3.777,23.51,33353.728,121.769,1.94,154.101,14.66,9.8,0.0,1032235.2,3167938.4,122823.2,425461.6,1847.2,0.0,3332.2,11399.2,8637.6,15168.6,33.4,62.0,3.8,1.0,0.0,16.730152464842728
0.53,3.738,22.562,20281.344,138.736,1.75,174.979,13.53,11.6,0.2,1031468.8,3234815.2,129985.6,426137.6,43.2,0.0,43.2,11075.2,8458.2,14675.4,37.0,58.4,4.0,0.6,0.0,13.696208936438712
0.49,3.927,21.963,33061.888,134.817,1.84,167.749,15.63,9.6,0.2,1031044.0,2589341.6,134052.8,426436.0,42.4,0.0,52.0,12232.0,9048.0,16214.2,34.0,61.6,4.0,0.6,0.0,14.99374270439148
0.48,3.854,22.782,32701.44,122.879,1.97,154.24,14.66,8.0,0.0,999985.6,3699146.4,136620.8,425436.8,20.8,0.0,24.0,11543.2,8597.4,14902.4,35.0,59.6,4.2,1.0,0.0,14.691795788559258
0.48,3.945,20.638,31722.496,125.49,1.92,156.899,15.9,6.6,0.0,999822.4,3227747.2,138134.4,423134.4,38.4,0.0,127.2,12230.4,8742.2,16118.6,32.4,61.6,5.2,1.0,0.0,14.995278860268153
0.53,3.96,23.398,26236.928,145.557,1.74,186.346,13.46,8.8,0.4,999607.2,2855662.4,139056.8,427945.6,19.2,0.0,93.2,11668.0,8946.8,15526.6,37.2,58.2,3.8,0.6,0.0,14.056589899353456
0.52,3.915,23.506,28654.592,140.972,1.77,177.682,14.28,6.4,0.6,999378.4,3571648.8,139683.2,421060.8,17.6,0.0,45.6,12559.2,8945.4,16264.0,31.6,63.2,5.0,0.6,0.0,13.976792956507484
0.49,3.218,22.051,19852.288,118.753,1.77,149.88,14.03,9.4,0.6,999178.4,3383928.0,139960.8,425212.0,15.2,0.0,15.2,10190.4,7526.4,12927.6,35.0,61.2,3.4,0.6,0.0,19.663362815731865
0.54,3.733,28.503,20509.696,139.431,1.68,176.043,12.67,10.4,0.0,998138.4,4723676.8,140151.2,427871.2,25.6,0.0,51.2,11220.8,8418.0,14717.8,35.8,59.8,3.8,0.8,0.0,13.509531771199088
0.54,4.109,32.835,21727.232,146.397,1.84,187.426,12.91,8.4,0.0,998048.0,4830377.6,140267.2,432412.8,9.6,0.0,9.6,12486.4,8876.8,16008.0,37.6,58.6,3.2,0.8,0.0,11.717387475073338
0.55,3.651,24.36,24225.792,140.408,1.64,175.424,12.98,10.4,0.2,994221.6,4786377.6,140367.2,427520.8,15.2,0.0,15.2,12413.6,8552.0,15101.2,34.6,62.0,3.4,0.4,0.0,15.446984490682912
0.54,3.921,30.099,23830.528,144.595,1.74,180.482,13.09,9.2,0.2,994068.0,5036845.6,140435.2,428483.2,18.4,0.0,19.2,12524.8,8463.8,15413.4,35.2,60.8,3.6,0.6,0.0,13.271488265822043
0.51,3.06,26.801,14818.304,109.312,1.82,138.217,12.81,10.8,0.2,994576.0,5641672.0,140462.4,428716.0,6.4,0.0,7.2,9832.8,6879.2,12077.4,37.2,59.4,3.0,0.4,0.0,21.959533656600616
0.52,4.157,20.737,20677.632,134.174,1.94,171.58,13.37,6.6,0.0,994320.0,5595024.8,140498.4,434382.4,14.4,0.0,14.4,12224.0,9598.8,16886.6,36.4,58.6,4.4,1.0,0.0,11.591220501543706
0.56,4.258,22.528,24095.744,147.271,1.83,206.602,11.6,8.0,0.4,994320.0,5480646.4,140527.2,438606.4,12.8,0.0,12.8,12739.2,9218.2,16486.4,36.8,58.0,4.4,0.8,0.0,12.650534668130048
0.53,3.095,29.699,9588.736,130.634,1.9,164.605,11.06,10.0,0.4,1184063.2,5285769.6,140541.6,441819.2,17.6,60008.0,17.6,69573.6,8037.6,12306.4,34.8,60.2,3.8,1.4,0.0,16.98255133696386
0.6,3.946,23.602,17229.824,116.272,2.09,210.04,9.65,7.0,0.2,993816.0,5571251.2,140564.0,438224.8,6.4,0.0,7.2,11833.6,9146.4,15757.4,38.6,57.0,3.8,0.6,0.0,13.02336247070976
0.66,3.83,23.222,15168.512,113.428,2.02,241.089,7.79,8.6,0.4,993560.0,5663548.8,140575.2,438725.6,20.0,0.0,20.0,11433.6,8703.2,15327.2,40.8,55.0,3.8,0.8,0.0,15.870843614850726
0.71,4.181,24.315,18309.12,156.232,1.64,263.601,8.25,8.0,0.0,993304.0,5802344.0,140591.2,440266.4,15.2,0.0,16.0,12544.0,9285.8,16236.2,40.8,54.6,4.2,1.0,0.0,13.520592250181048
0.81,3.885,26.09,9500.672,167.897,1.39,308.423,6.19,7.8,1.0,992792.0,5992781.6,140604.0,441804.0,1.6,0.0,20.0,11820.8,8928.4,15462.6,42.6,52.2,4.4,1.0,0.0,14.155157914398409
0.63,3.0,29.688,8595.456,130.589,1.69,188.271,8.68,8.2,0.8,1168815.2,6127548.8,140616.8,436746.4,9.6,68308.8,9.6,76683.2,7102.4,10766.2,35.2,59.8,3.8,1.6,0.0,16.814442986216626
0.79,3.958,25.005,9230.336,185.388,1.31,265.082,7.04,8.8,0.0,992008.0,6288928.8,140627.2,440456.0,5.6,0.0,5.6,11923.2,8646.4,15595.0,43.8,50.8,4.8,0.8,0.0,12.931956813253208
0.4,4.31,19.897,1191.936,109.086,2.42,140.145,12.08,9.0,0.2,992216.8,6489063.2,140640.0,452484.0,8.0,17.6,24.8,12461.6,9665.0,16879.0,50.6,45.2,3.8,0.6,0.0,12.061126275321609
0.41,3.962,23.344,45678.592,125.111,1.89,154.072,15.35,6.6,0.6,992012.0,2060068.0,140640.8,443964.8,3.2,0.0,3.2,11473.6,8718.6,15764.0,24.2,69.6,5.4,1.0,0.0,11.767124194724888
0.4,3.942,24.746,38206.464,109.395,2.15,138.387,15.6,8.0,0.2,1013008.0,2656648.0,47541.6,411498.4,5.6,0.0,1083.2,11367.2,8899.2,15773.2,24.6,68.2,5.4,1.6,0.0,11.779459614182269
0.43,3.563,29.006,17055.744,109.356,1.81,136.842,15.3,8.0,0.2,1056252.0,2393380.0,54351.2,363145.6,76.0,0.0,4610.4,9979.2,7373.8,13027.0,31.6,61.4,6.2,1.4,0.0,14.6960668704089
0.4,4.006,24.486,40498.176,108.58,1.98,136.207,15.93,7.0,0.6,1083346.4,2875100.0,45209.6,343011.2,4468.8,0.0,5568.0,11813.6,9037.2,16135.2,23.0,69.8,5.2,2.2,0.0,12.525647069815554
0.46,3.49,38.668,19887.104,116.615,1.82,147.065,14.09,7.4,0.2,1082732.0,2359728.0,85124.8,345332.0,19.2,0.0,61.6,10541.6,7630.8,13500.2,30.4,63.4,5.2,1.0,0.0,12.54024565469271
0.4,3.997,33.176,42578.944,115.081,2.09,146.159,16.68,9.4,0.0,1082220.0,2689994.4,102848.0,347016.0,34.4,0.0,85.6,11380.8,8816.8,15717.2,25.8,67.4,6.0,1.0,0.0,11.395652937798443
0.41,3.421,33.618,26761.216,104.421,1.94,128.399,16.74,7.2,0.0,1081605.6,3420636.0,116116.0,346098.4,104.8,0.0,104.8,10199.2,7252.6,12851.6,31.6,63.6,4.4,0.8,0.0,12.047093077357037
0.44,3.808,31.972,35290.112,124.37,1.78,157.829,15.92,10.2,0.0,1038400.0,2430644.0,125492.0,353832.8,93.6,0.0,132.8,11624.8,8430.2,15401.0,28.2,64.4,6.6,1.0,0.0,12.118116051259667
0.41,4.024,26.352,33182.72,111.518,2.06,143.233,16.77,7.2,0.4,1038153.6,2487231.2,130082.4,353010.4,42.4,0.0,59.2,11947.2,9390.6,17144.0,27.6,64.8,6.4,1.2,0.0,12.068718252047686
0.45,3.795,35.878,27485.184,120.252,1.8,155.129,14.27,7.8,0.0,1038076.0,2414080.8,133045.6,353938.4,27.2,0.0,59.2,11115.2,8814.8,15724.6,30.0,63.4,5.6,1.2,0.0,12.685620507528617
0.41,3.816,31.094,31562.752,110.986,2.02,140.335,16.5,6.6,0.8,1038076.0,3097550.4,134301.6,351681.6,0.0,0.0,0.0,11362.4,8607.2,15786.4,27.4,67.6,4.8,1.0,0.0,12.0722439981276
0.46,3.986,22.353,25712.64,124.86,1.85,161.209,13.8,7.4,0.0,1037820.0,2980534.4,135592.8,355736.8,58.4,0.0,344.0,11938.4,9091.4,16265.4,27.8,66.0,5.2,0.8,0.0,11.68097801578855
0.47,3.963,24.47,25152.512,128.985,1.83,165.455,13.04,5.6,0.2,1037564.0,3474759.2,136286.4,359816.0,54.4,0.0,71.2,11458.4,8535.6,15394.8,28.8,63.8,7.0,1.0,0.0,11.068331335917415
0.46,3.749,26.193,21453.824,122.242,1.76,155.782,13.71,8.6,0.2,1037564.0,4335758.4,136751.2,353816.8,8.8,0.0,8.8,11140.8,8551.8,15205.0,27.6,64.8,6.8,1.0,0.0,13.646697456186468
0.51,3.615,28.433,10994.688,116.755,1.81,147.599,12.29,7.4,0.4,1037308.0,4214799.2,137037.6,359012.8,24.0,0.0,44.0,11296.0,7771.4,14507.6,29.8,64.4,5.6,0.6,0.0,12.919709086418152
0.46,3.235,38.612,18377.728,106.626,1.81,134.319,12.84,7.6,0.2,1037052.0,4733200.0,137161.6,356636.0,36.0,0.0,141.2,10060.0,6873.0,12355.0,30.8,63.4,4.8,1.2,0.0,16.500465777697485
0.5,3.86,26.739,15935.488,130.76,1.81,165.65,12.24,5.6,0.2,1036700.0,4479227.2,137298.4,355966.4,29.6,0.0,29.6,11392.0,8606.6,15575.0,29.8,63.4,6.0,1.2,0.0,11.943896928156514
0.46,4.444,25.356,27889.664,127.79,1.96,162.643,13.86,6.4,0.2,1036700.0,5466205.6,137970.4,354260.8,0.8,0.0,2.4,12285.6,9465.4,17368.6,29.4,62.6,6.8,1.2,0.0,9.968262209030328
0.45,3.799,32.115,25067.52,108.847,2.1,139.975,14.73,6.2,0.2,1032632.8,5558953.6,138032.0,362648.0,26.4,0.0,26.4,11288.8,8855.2,15799.0,30.6,62.0,6.4,1.0,0.0,11.462338098132882
0.47,3.939,29.52,24439.808,113.959,2.01,145.648,13.35,7.2,0.8,1032444.8,5693484.0,138064.0,361938.4,44.8,0.0,46.4,11872.8,9180.2,16819.6,31.4,60.6,6.6,1.6,0.0,11.50960885631832
0.6,4.199,30.202,23190.528,113.163,2.07,235.846,8.34,5.2,0.6,1031744.8,5522472.0,138081.6,362896.0,30.4,0.0,30.4,11611.2,9021.8,16656.4,31.6,61.4,5.8,1.4,0.0,10.794064375731322
0.65,4.167,27.85,20249.6,106.544,2.26,273.048,6.95,7.4,0.2,1031690.4,5413119.2,138112.8,362336.0,5.6,0.0,5.6,12630.4,9067.2,16510.2,33.8,59.4,6.0,0.8,0.0,10.2547421414628
0.63,4.061,23.113,15682.56,108.872,2.17,258.325,7.13,6.6,0.4,1031400.0,5445432.0,138132.8,364885.6,0.0,0.0,0.0,12129.6,8672.0,16248.2,36.8,56.4,6.2,1.0,0.0,10.82492218981581
0.72,4.374,21.273,17249.28,138.866,1.87,269.422,6.83,9.8,0.0,1031042.4,5805407.2,138524.0,371096.0,244.0,0.0,1191.8,12327.2,8925.6,16969.4,36.4,56.2,6.4,1.2,0.0,10.832298573830146
0.73,4.316,26.526,16136.192,147.953,1.6,284.15,6.54,6.8,0.2,1030980.0,5928606.4,138716.8,370730.4,9.6,0.0,44.8,12597.6,9978.6,18116.4,33.6,58.8,6.6,1.4,0.0,10.623300329167792
0.84,4.201,28.924,8992.768,190.656,1.2,378.766,4.83,6.8,0.0,1030882.4,5985633.6,138726.4,370434.4,1.6,0.0,1.6,12768.0,9263.6,17156.8,37.2,55.4,6.6,1.2,0.0,11.76278591156006
0.87,4.019,27.212,7316.48,169.379,1.29,376.702,4.48,8.0,0.0,1030652.8,6140953.6,138739.2,372920.8,20.8,0.0,20.8,12531.2,9135.8,16359.6,44.2,48.8,5.6,1.2,0.0,11.93313371567499
0.74,3.521,38.009,9267.2,165.398,1.35,233.757,6.8,7.0,0.6,1063112.0,6440028.8,138752.0,368085.6,66.4,21664.0,82.4,31704.0,7652.4,13280.6,35.2,59.2,4.6,1.4,0.0,12.027960740970466
0.29,4.576,19.981,991.126,86.514,2.87,113.911,11.89,7.0,0.0,1031130.4,6633750.4,138753.6,373848.8,4.8,28.8,12.0,13394.4,9775.2,17893.2,45.8,46.4,6.6,1.4,0.0,9.655269831658948
0.34,4.029,38.596,43826.176,116.217,2.14,146.309,15.22,5.6,0.0,1032666.4,1588747.2,112464.0,372364.8,4.8,1640.8,4.8,13784.0,9283.6,17315.0,19.0,72.4,7.4,1.0,0.0,10.52203805823075
0.34,3.347,41.959,36488.192,104.352,2.04,133.188,15.79,4.6,0.0,1078810.4,1216864.0,38400.8,396101.6,96.0,9629.6,3305.8,20086.4,8475.0,14625.2,18.6,74.4,5.0,1.6,0.0,12.754342611681375
0.54,7.202,32.625,28075.008,162.684,2.44,225.222,13.76,6.4,0.6,1142933.6,1142579.2,50464.8,304012.8,18840.0,27888.0,24071.4,44588.8,15165.4,26945.2,19.0,70.6,6.8,3.8,0.0,5.447684201327237
0.29,1.868,31.53,23433.216,57.136,2.15,70.095,17.49,11.6,0.0,1098995.2,4730344.0,72453.6,335363.2,2044.0,0.0,3636.6,5220.0,4348.2,6890.8,20.8,74.2,3.0,2.0,0.0,34.28163815065811
0.63,7.934,15.398,34912.256,197.437,2.13,257.058,14.14,7.6,0.0,1093528.8,2706141.6,105887.2,373780.0,283.2,0.0,753.2,20111.2,16471.0,31089.2,21.0,67.4,10.0,1.6,0.0,4.515543321783415
0.55,8.326,15.27,48129.024,174.95,2.39,231.924,15.51,4.4,1.2,1092151.2,4149484.0,128203.2,379494.4,33.6,0.0,33.6,22728.0,16981.6,33589.0,23.4,66.8,8.4,1.4,0.0,4.588521640479656
0.59,7.863,17.924,49146.88,186.067,2.23,242.859,14.7,6.0,0.4,1091229.6,4653372.8,135713.6,380220.8,77.6,0.0,155.2,21676.8,15739.6,30655.4,24.4,66.6,8.2,1.4,0.0,4.654558549016159
0.56,8.618,22.818,52442.112,187.912,2.47,247.796,15.36,6.2,0.0,1090261.6,4545320.8,138588.0,386134.4,82.4,0.0,94.4,25572.8,16837.0,34323.4,21.2,69.0,8.8,0.8,0.0,3.824509528218484
0.79,8.42,24.161,29041.664,175.57,2.54,397.78,8.41,7.0,0.2,1087764.0,3045723.2,139574.4,411796.8,7.2,0.0,7.2,23148.0,16941.8,33069.6,26.2,64.8,8.0,1.4,0.0,4.019461886983523
0.67,8.34,34.667,53554.176,159.662,2.81,342.391,10.45,7.4,0.4,1087396.8,3852552.0,139917.6,413006.4,12.8,0.0,13.6,25361.6,16210.4,33502.0,23.0,68.4,7.8,0.8,0.0,3.844430157586196
0.63,7.233,43.283,51122.176,156.843,2.63,285.7,11.58,7.0,0.0,1087140.0,4068862.4,140046.4,413210.4,23.2,0.0,23.2,23656.8,14635.6,29065.8,24.4,68.0,7.2,0.4,0.0,4.455256373465725
0.62,8.063,16.021,46840.832,154.708,2.64,280.071,11.48,6.0,0.8,1086664.0,4261924.0,140236.0,412941.6,36.8,0.0,497.4,21394.4,16348.6,31955.6,22.4,65.0,10.6,1.8,0.0,4.635759775526101
0.79,8.707,13.108,39844.864,143.101,3.15,444.386,7.42,6.0,0.2,1086395.2,3626038.4,140254.4,414852.8,8.8,0.0,8.8,22449.6,17483.0,33724.0,28.2,62.4,7.6,1.8,0.0,3.805527611384316
0.75,8.028,17.982,38161.408,135.24,3.05,383.542,7.9,6.4,0.0,1086107.2,3989427.2,140284.0,417345.6,16.8,0.0,16.8,22761.6,15893.4,32222.2,25.4,65.2,8.4,1.0,0.0,4.427286159340705
1.04,8.296,15.655,6649.856,187.51,2.17,512.183,5.28,6.4,0.2,1085984.0,3707939.2,140311.2,415504.8,6.4,0.0,32.0,21443.2,16806.8,32601.8,34.8,54.4,8.8,2.0,0.0,4.482256101029514
0.83,7.274,13.778,31759.36,132.312,2.69,412.727,6.6,4.4,0.2,1081881.6,3907998.4,140369.6,422429.6,1208.8,0.0,1281.6,20574.4,14901.4,28741.0,31.0,59.8,8.0,1.2,0.0,5.608039218984662
0.9,8.689,13.324,32774.144,175.678,2.43,468.184,6.46,5.6,0.0,1081744.0,4175888.0,140492.0,418725.6,6.4,0.0,17.0,21884.8,17596.0,33987.0,31.2,57.8,9.0,2.2,0.0,4.385819989743683
1.04,8.532,13.98,21625.856,229.884,1.89,506.286,5.83,6.2,0.4,1081648.0,4466980.0,140507.2,422482.4,4.0,0.0,4.0,23073.6,17990.4,34705.2,30.6,59.4,8.4,1.8,0.0,4.188115408502202
0.97,8.17,21.652,34875.392,222.717,1.94,455.805,6.82,7.0,0.2,1081593.6,4956479.2,140527.2,422141.6,11.2,0.0,11.2,21339.2,16946.2,32434.6,31.2,59.6,7.6,1.8,0.0,4.279216811284264
0.99,8.633,15.064,35147.776,229.173,1.86,480.979,6.54,5.8,0.0,1081330.4,4878005.6,140536.0,420268.8,12.8,0.0,14.4,22697.6,17206.8,33409.6,29.6,59.2,9.6,1.8,0.0,4.233199155936807
0.94,6.949,34.627,20076.544,254.646,1.62,442.152,6.17,7.2,0.2,1688284.8,4929751.2,140536.8,416499.2,5.6,135769.6,5.6,153080.0,15256.6,26687.8,23.0,67.6,7.8,1.8,0.0,4.566824654253518
1.04,6.373,54.038,12725.248,288.589,1.54,516.058,5.28,7.8,0.0,1458373.6,4959920.0,140556.8,421116.8,18.4,168974.4,18.4,185616.0,14113.6,24490.8,27.4,64.8,6.2,1.8,0.0,4.387449625639888
1.16,8.348,16.566,17683.456,298.624,1.38,618.158,4.86,5.8,0.0,1210635.2,5247616.0,140572.0,422957.6,0.8,55485.6,0.8,77229.6,17003.0,33418.6,30.2,59.2,9.2,2.0,0.0,4.43291840468638
1.45,8.247,15.152,8017.92,328.613,1.23,803.603,3.41,6.6,0.4,1054360.0,5267372.8,140577.6,426391.2,5.6,0.0,189.6,22093.6,16704.8,32048.0,38.6,51.0,8.6,1.8,0.0,4.597311370943221
1.18,8.724,13.641,16003.072,270.163,1.6,637.514,4.62,7.0,0.4,1054296.0,5599120.8,140589.6,424091.2,35.2,0.0,35.2,23521.6,18455.4,34915.6,34.4,53.4,10.0,2.2,0.0,4.001436469074244
1.08,7.883,35.683,18008.064,322.746,1.39,507.125,5.86,8.8,0.0,1113026.4,5889873.6,140601.6,428454.4,9.6,78643.2,18.4,100033.6,16745.4,30292.2,25.2,65.0,7.8,1.6,0.0,4.190321068663698
0.97,7.7,27.63,23391.232,342.364,1.32,364.44,7.9,7.2,1.0,1131905.6,6192089.6,140616.0,425379.2,2.4,95418.4,6.4,113896.8,16939.2,28883.6,22.4,65.0,9.8,3.0,0.0,4.222765103192397
0.92,8.135,34.684,18887.68,257.455,1.83,426.369,6.92,5.8,0.2,1054108.0,6331036.8,140622.4,428038.4,30.4,0.0,30.4,25201.6,15875.2,32232.0,35.0,56.8,7.6,0.6,0.0,4.203110891505345
0.26,9.444,27.859,932.937,120.067,4.19,176.53,12.82,5.6,0.0,1054104.8,6565897.6,140641.6,429214.4,1.6,61.6,1.6,27332.8,19364.8,38239.2,40.2,50.0,8.8,1.4,0.0,3.295703665642636
0.7,6.057,25.166,40338.432,223.888,1.91,287.958,12.45,9.8,0.4,1105312.0,946944.8,135464.8,379735.2,6.4,45514.4,1132.8,63821.6,15760.4,25761.2,29.8,66.4,2.8,1.2,0.0,8.110978474488128
0.68,6.409,24.371,46010.368,210.109,2.03,270.354,13.49,9.4,0.0,1067980.0,1731155.2,96480.0,342324.8,858.4,962.4,3976.2,20216.8,15263.0,27555.4,32.8,63.0,3.8,0.6,0.0,8.949054158035938
0.77,7.288,19.284,39138.304,255.042,1.81,332.071,12.34,9.6,0.4,1112695.2,3651467.2,67756.0,354849.6,536.0,0.0,7551.6,21458.4,15900.4,28738.6,34.8,61.8,3.2,0.6,0.0,6.490005071147663
0.75,7.313,19.192,34082.816,238.764,1.78,311.175,13.12,9.4,0.8,1102763.2,1730444.0,114762.4,337205.6,207.2,948.0,631.8,23730.4,15280.6,29205.2,33.8,61.8,4.2,0.6,0.0,7.350948803565081
0.79,6.777,18.019,29594.624,231.512,1.94,301.752,12.44,9.4,0.4,1101198.4,3156836.0,125842.4,355369.6,790.4,0.0,2415.6,19177.6,14547.6,26598.6,35.8,58.2,5.2,1.0,0.0,8.016227082135206
0.75,7.414,15.458,40203.264,235.472,1.86,304.374,13.65,9.4,0.4,1094900.8,2600128.8,131263.2,377734.4,184.8,0.0,2304.2,20776.0,16878.2,29615.4,33.6,61.4,4.4,0.8,0.0,7.007765714253221
0.76,7.7,17.028,38480.896,245.21,1.89,315.415,13.32,8.6,0.2,1090715.2,3144368.0,133252.0,384802.4,212.8,0.0,247.2,21356.0,16690.6,30820.2,35.4,59.6,4.2,1.0,0.0,6.679190559217288
0.75,7.653,13.778,34563.072,242.068,2.01,311.674,13.24,7.6,0.0,1089896.0,4195208.8,133772.8,392672.0,17.6,0.0,1205.4,20894.4,16870.4,30307.6,36.8,59.2,3.6,0.8,0.0,5.52252558519214
0.74,7.361,20.066,39762.944,230.555,1.88,300.105,13.62,9.6,0.0,1089281.6,4055111.2,134031.2,401057.6,40.0,0.0,54.4,22160.8,16053.2,29343.4,36.8,59.2,3.4,0.8,0.0,7.324818285500131
0.72,6.467,21.694,26885.12,201.953,1.87,262.838,12.97,8.2,0.0,1088872.0,4177205.6,134170.4,402869.6,108.0,0.0,128.8,19083.2,13175.4,25945.6,35.8,60.4,3.4,0.6,0.0,8.368773833333448
0.76,7.673,16.196,34244.608,244.914,1.9,316.127,12.71,7.2,0.2,1088360.0,4265048.8,134228.8,404908.8,409.6,0.0,1405.6,21676.0,16916.8,30539.2,36.0,59.4,4.4,0.8,0.0,6.401984134376876
0.76,8.016,17.822,32887.808,246.934,1.97,321.812,12.79,9.6,0.4,1084232.0,4807694.4,134277.6,404976.0,7.2,0.0,55.2,22824.0,17444.4,31873.8,34.6,60.8,4.0,0.6,0.0,5.624381425566169
0.77,7.765,19.309,30997.504,234.756,1.97,303.079,12.84,8.4,0.6,1084232.0,5260125.6,134296.8,406353.6,28.8,0.0,60.4,22600.8,16360.0,31531.0,37.0,59.4,3.2,0.2,0.0,6.113023689884416
0.76,6.072,27.806,17730.56,244.123,1.82,311.454,10.92,8.0,0.4,1325482.4,3862347.2,134317.6,410089.6,24.0,118112.8,33.6,134907.2,14298.0,23951.8,35.8,59.8,3.8,1.0,0.0,7.361929498466791
0.76,7.258,21.309,33380.352,228.77,1.84,292.092,12.85,8.6,0.0,1081566.4,5173369.6,134360.0,406871.2,14.4,0.0,14.4,21376.8,15478.0,28425.6,37.4,57.6,4.6,0.8,0.0,7.338293627196667
0.74,7.64,21.342,36211.712,215.421,2.05,290.142,12.83,8.6,0.0,1081080.0,5179354.4,134390.4,409960.8,24.0,0.0,52.0,22103.2,16349.0,30852.8,37.8,57.8,4.0,0.6,0.0,6.851977212088449
0.79,7.801,25.04,33755.136,218.708,2.12,342.936,11.23,6.6,0.6,1080732.0,4888541.6,134414.4,412385.6,5.6,0.0,5.6,22912.0,16202.4,30378.6,39.0,56.0,4.6,0.6,0.0,6.041580444628488
0.9,7.673,20.145,27458.56,206.22,2.24,447.185,8.2,8.4,0.0,1080312.8,4484855.2,134440.0,410688.8,95.2,0.0,117.6,22384.0,16339.2,30642.4,39.6,57.4,3.2,0.0,0.0,6.113569022681708
0.9,7.229,21.262,25608.192,198.78,2.15,421.505,8.19,9.4,0.4,1080234.4,4761939.2,134444.0,409431.2,4.8,0.0,4.8,20935.2,15868.4,29074.6,41.2,54.6,3.8,1.0,0.0,7.550948212669238
0.95,7.192,23.501,21018.624,221.886,1.97,462.864,7.53,9.2,0.2,1079101.6,4735828.8,134448.0,411184.8,67.2,0.0,67.2,21004.8,16690.0,30034.0,43.8,53.0,2.8,0.2,0.0,6.883370493530133
0.92,6.953,26.561,17958.912,215.379,2.05,436.077,7.71,9.4,0.0,1095010.4,4860586.4,134488.0,424572.0,12.0,16404.0,65.6,37082.4,15881.6,28010.8,44.0,51.2,3.8,1.0,0.0,7.322855984292379
0.98,7.528,22.895,22729.728,251.718,1.82,448.184,8.05,10.0,0.2,1069252.0,5545080.0,134516.0,420444.8,2.4,0.0,2.4,22996.8,16034.4,30177.0,43.6,52.4,3.6,0.4,0.0,6.392706129739831
0.98,7.503,24.19,19422.208,248.824,1.82,426.017,8.04,8.8,0.4,1068740.0,5592600.0,134644.0,427968.8,12.0,0.0,12.8,26961.6,16217.6,29746.4,41.6,55.6,2.8,0.2,0.0,6.392452508401769
1.09,7.694,16.614,14801.92,283.031,1.59,533.6,6.42,8.6,0.0,1067736.0,5674276.8,134869.6,426366.4,51.2,0.0,802.4,25206.4,16683.8,31178.0,43.4,53.6,2.8,0.4,0.0,5.955538186203048
0.87,5.158,30.76,7497.728,204.629,1.8,332.329,7.65,11.6,0.6,1178077.6,5669540.0,134931.2,424426.4,5813.6,68628.8,5866.0,84915.2,12816.8,21209.2,40.2,57.2,2.2,0.8,0.0,11.172297724576412
0.96,5.949,23.389,9972.736,223.877,1.74,411.357,6.86,10.0,0.2,1186313.6,5936867.2,134936.0,424544.8,38.4,55099.2,40.8,74240.8,12042.0,21268.4,39.8,56.2,3.6,0.6,0.0,8.45756281918632
1.11,7.751,18.609,18115.584,344.796,1.27,492.048,7.08,7.8,0.0,1037028.0,6187757.6,134943.2,426676.8,6.4,0.0,16.0,25618.4,15980.2,30401.8,44.0,51.8,3.6,0.6,0.0,7.127358995634935
1.03,7.025,21.937,17386.496,304.97,1.39,378.533,8.41,8.4,0.0,1036596.0,6314739.2,134950.4,430498.4,326.4,0.0,980.4,24316.8,15370.6,28127.6,43.4,51.2,4.8,1.0,0.0,7.360950734750059
0.57,7.595,25.913,1250.304,183.433,2.4,241.026,12.23,8.2,0.0,1036596.0,6541344.8,134960.0,429034.4,18.4,36.0,18.4,25292.8,16200.0,29618.0,47.6,49.0,3.2,0.6,0.0,6.817778856716287
0.69,5.652,37.808,34458.624,217.567,2.05,280.823,11.41,7.6,0.2,1136218.4,457914.4,82078.4,313617.6,476.0,74421.6,6568.0,93428.0,15182.0,23053.2,26.4,68.6,3.6,1.4,0.0,9.568668438487077
0.66,6.203,41.135,32826.368,213.281,2.02,286.436,12.17,9.6,0.8,1275751.2,604248.0,24824.0,290283.2,8834.4,33994.4,20709.0,54375.2,15580.6,25065.4,29.8,65.0,3.8,1.4,0.0,7.162568115052723
0.73,7.347,24.4,37642.24,217.673,1.96,287.129,13.02,7.4,0.4,1163978.4,3701054.4,84121.6,337504.8,296.0,0.0,2915.2,24610.4,15497.6,28881.2,31.2,62.2,5.4,1.2,0.0,6.050062661219124
0.74,7.485,27.65,33520.64,246.503,1.81,325.388,12.27,9.2,0.0,1139339.2,2444814.4,119951.2,364977.6,2993.6,616.8,4880.0,26337.6,15748.6,29319.6,29.8,64.8,4.8,0.6,0.0,6.000273936503643
0.74,7.93,25.5,37135.36,237.087,1.91,310.497,12.88,6.4,0.2,1115420.8,3344350.4,132852.8,371854.4,33.6,0.0,35.2,25843.2,17115.6,32238.0,31.4,60.6,7.2,1.0,0.0,5.6668561861159565
0.71,7.749,27.496,39592.96,227.51,2.07,297.939,13.46,8.4,0.2,1112604.8,3521322.4,136936.0,372747.2,178.4,0.0,366.0,25271.2,16657.8,30761.8,31.6,61.8,5.8,1.0,0.0,5.207517683557797
0.74,6.241,37.384,23106.56,232.023,1.85,297.591,11.65,7.2,0.8,1281681.6,2074252.8,138696.0,377956.0,44.0,84278.4,44.8,104861.6,14264.8,25217.8,32.6,61.8,4.6,1.2,0.0,6.854291915893555
0.71,6.356,28.652,22656.0,217.51,1.93,284.202,12.66,8.8,0.0,1148516.8,2104203.2,139346.4,381680.0,65.6,35592.8,391.0,57349.6,14480.0,26206.2,30.4,63.8,4.8,1.0,0.0,6.160797097577588
0.76,7.922,24.598,24673.28,237.785,1.85,308.469,12.7,6.6,0.4,1100523.2,3762242.4,139770.4,387423.2,1024.0,0.0,1906.4,23297.6,16794.4,32057.0,34.0,60.0,5.0,1.0,0.0,6.139867991483565
0.71,7.889,25.387,34626.56,223.091,2.07,293.591,13.35,7.0,0.4,1094288.8,4473706.4,140003.2,414004.0,419.2,0.0,1378.4,25345.6,16713.8,31022.4,33.4,60.4,5.6,1.0,0.0,4.998750543475052
0.77,7.961,24.445,19273.728,233.07,2.04,317.285,11.88,6.6,0.4,1093536.8,3813725.6,140064.0,416497.6,17.6,0.0,30.4,25414.4,16348.2,31375.6,33.2,61.4,5.0,0.6,0.0,5.092447454279119
0.71,6.006,21.769,18225.152,218.622,1.86,279.711,11.35,8.4,0.6,1287938.4,3580424.8,140100.8,417289.6,25.6,102766.4,50.4,121986.4,14315.4,24573.6,31.6,63.6,4.0,0.8,0.0,7.577388953201717
0.68,7.505,19.26,35524.608,200.887,2.22,257.616,14.03,7.0,0.2,1083992.8,5241913.6,140116.0,423243.2,37.6,0.0,63.2,23455.2,16056.6,29327.8,34.8,58.8,5.4,1.0,0.0,5.605289328857308
0.73,7.866,23.902,39285.76,200.923,2.32,310.408,11.81,6.2,0.4,1083494.4,4487869.6,140140.8,428956.8,16.0,0.0,16.0,24690.4,16787.4,30984.8,32.8,61.2,5.0,0.8,0.0,5.324919103414639
0.78,8.06,28.118,39275.52,209.53,2.18,368.432,10.14,8.6,0.0,1083220.8,4458712.0,140162.4,429752.0,103.2,0.0,152.4,26988.8,17055.6,32709.2,34.2,59.6,5.4,1.0,0.0,5.331725412416288
0.76,8.168,28.627,33003.52,189.472,2.61,354.294,10.05,7.6,0.0,1079827.2,4394756.8,140230.4,427872.0,1212.0,0.0,1212.8,24415.2,17438.8,32745.2,35.4,59.2,4.6,1.0,0.0,4.660976248247257
0.8,7.49,24.464,33641.472,190.44,2.27,353.19,9.79,8.8,0.4,1077013.6,4741824.8,140697.6,435157.6,4.0,0.0,30.4,25097.6,15627.6,29510.6,36.0,58.0,5.2,1.0,0.0,6.208532592031033
0.84,7.441,22.772,28706.816,177.478,2.37,388.613,8.52,7.0,0.0,1076745.6,4664986.4,140715.2,442160.0,19.2,0.0,19.2,21433.6,15803.2,29260.4,35.2,59.2,5.2,0.8,0.0,5.986063154070051
0.92,7.819,18.156,22994.944,198.878,2.28,459.202,7.15,7.0,0.0,1076600.0,4401838.4,140724.0,442237.6,20.8,0.0,1007.8,25400.8,15980.2,31095.4,38.6,55.6,5.4,0.6,0.0,5.458127812323948
0.92,8.06,23.804,26441.728,216.549,2.15,460.013,7.62,7.4,0.0,1076236.8,4828867.2,140734.4,443180.0,15.2,0.0,15.2,25841.6,17260.6,32611.8,37.4,57.0,5.2,0.8,0.0,5.34006321068966
0.95,7.814,24.428,22934.528,232.868,2.04,447.223,7.5,8.8,0.2,1075871.2,5177063.2,140756.8,441876.0,9.6,0.0,18.4,23860.8,16345.6,31625.8,41.4,52.8,5.4,0.8,0.0,5.08766190466691
1.01,7.738,23.057,28610.56,259.551,1.74,467.568,7.41,7.6,0.6,1073844.0,5352837.6,140768.0,439028.0,42.4,0.0,42.4,24524.0,16673.2,31242.6,40.0,54.4,4.6,0.8,0.0,5.404513591044658
0.98,6.403,28.816,9765.888,252.614,1.75,449.649,6.59,8.6,0.4,1250298.4,5285082.4,140778.4,442828.8,21.6,89166.4,22.4,109624.8,14943.2,26208.6,37.2,56.6,5.2,1.2,0.0,6.074232171009377
1.2,7.762,21.554,15075.328,323.403,1.32,629.287,5.34,8.0,0.2,1073404.0,5505882.4,140788.0,440310.4,25.6,0.0,27.2,24820.8,16170.8,30928.6,43.6,50.8,5.2,0.8,0.0,6.0939113500759685
1.08,8.017,26.962,12024.832,296.783,1.6,553.339,6.03,6.6,0.2,1173220.8,5741976.0,140788.0,441130.4,11.2,40913.6,11.2,67363.2,15898.6,31329.2,38.6,55.0,6.0,0.6,0.0,5.117304196834157
1.22,7.696,20.15,10333.184,312.15,1.4,634.483,5.18,8.6,0.0,1072163.2,5792220.8,140792.0,441079.2,7.2,0.0,7.2,25221.6,16274.6,30647.4,47.0,47.2,5.4,0.6,0.0,5.693179799576676
1.11,7.79,24.44,21616.64,352.954,1.24,438.257,7.52,7.6,0.0,1071600.0,6228611.2,140804.0,440688.0,12.8,0.0,13.6,26016.8,16491.4,31047.0,40.0,54.0,5.8,0.4,0.0,5.880391130260392
1.08,7.039,21.499,16876.544,311.052,1.28,429.92,7.14,7.8,0.0,1071644.0,6384572.8,140806.4,450296.0,5.6,0.0,8.8,23522.4,15697.0,28211.2,42.0,53.6,4.0,0.6,0.0,6.842566460812785
0.48,7.425,27.582,1251.328,154.309,2.7,206.882,12.29,7.4,0.0,1071592.8,6550513.6,140808.0,442763.2,34.4,24.8,34.4,25767.2,16077.4,30121.0,49.6,45.0,5.0,0.8,0.0,6.344099145717721
0.6,5.398,50.524,34001.92,193.826,1.95,253.63,11.5,6.2,0.0,1290047.2,295584.8,58136.0,361164.8,1634.4,114680.0,2056.8,130553.6,16259.2,21504.0,19.2,72.4,5.4,3.8,0.0,7.182347417591575
0.62,8.15,33.805,60223.488,210.59,2.16,273.821,14.96,5.2,0.0,1070588.0,3194324.0,76865.6,390707.2,566.4,0.0,2314.4,25745.6,16557.6,32564.0,28.2,64.4,6.4,1.2,0.0,4.63124570743378
0.68,7.538,30.093,34463.744,228.165,2.14,296.096,12.23,7.2,0.2,1088140.0,2841360.0,36756.0,270372.8,90.4,4564.8,18375.8,27233.6,15724.2,29208.8,27.0,65.6,6.2,1.4,0.0,5.611118810883853
0.66,7.733,27.094,40431.616,209.594,2.08,277.116,13.34,5.0,0.2,1091696.0,3812969.6,94994.4,374544.8,76.0,0.0,1892.8,23484.0,16009.6,30889.4,26.2,63.4,9.0,1.4,0.0,4.791164740967674
0.66,8.318,19.196,45205.504,216.18,2.12,283.197,13.88,6.2,0.2,1086336.0,4393080.0,126752.0,382229.6,77.6,0.0,94.4,23335.2,15989.0,33047.4,28.2,63.4,7.6,1.0,0.0,4.714963381727506
0.69,8.097,14.532,34145.28,219.726,1.96,282.49,13.71,6.8,0.0,1086060.0,3347838.4,136777.6,393659.2,21.6,0.0,263.6,22225.6,16610.8,32142.8,26.0,65.6,7.4,1.2,0.0,5.040610909361716
0.66,6.864,24.563,29539.328,228.648,1.87,291.925,11.75,5.6,0.4,1334129.6,2844011.2,140142.4,391319.2,226.4,123632.0,572.4,141889.6,16038.8,27512.2,23.6,66.6,8.0,1.8,0.0,5.630291011971488
0.66,8.697,17.483,48541.696,215.862,2.16,283.474,13.61,5.4,0.6,1082399.2,4593754.4,141332.8,398639.2,16.8,0.0,20.0,23418.4,17511.8,34357.6,25.6,63.8,9.0,1.4,0.0,4.289694658414585
0.64,8.59,21.02,42883.072,204.91,2.29,269.234,13.69,7.6,0.0,1081884.0,5194588.0,141932.8,399720.0,81.6,0.0,86.4,23300.0,16988.0,33972.0,25.6,66.0,7.4,1.0,0.0,4.390002868987701
0.66,8.308,24.234,40397.824,209.269,2.2,276.284,13.5,6.0,0.6,1081716.8,4778212.8,142258.4,399209.6,23.2,0.0,35.2,23028.0,16618.6,32969.2,28.2,63.0,7.4,1.4,0.0,4.346334389623651
0.62,8.582,25.77,49124.352,196.875,2.31,254.568,14.54,5.6,0.2,1080862.4,4743364.8,142506.4,398021.6,21.6,0.0,76.8,23088.0,16969.0,33905.8,28.2,63.2,7.2,1.4,0.0,4.581505187789964
0.77,8.161,28.566,48636.928,179.805,2.34,378.905,9.49,5.8,0.4,1080499.2,4055324.0,142554.4,403909.6,2.4,0.0,24.0,22936.8,15691.8,31873.0,32.0,61.0,6.0,0.8,0.0,5.112180929354695
0.74,7.856,32.674,41812.992,161.419,2.69,340.74,9.86,6.8,0.4,1080100.8,4134609.6,142579.2,401921.6,7.2,0.0,825.0,21662.4,15876.2,31146.2,29.6,61.4,8.2,1.2,0.0,4.922788522905121
0.77,8.293,30.023,42502.144,174.171,2.59,380.67,9.39,7.6,0.2,1080004.8,4303901.6,142596.0,406121.6,3.2,0.0,17.6,24007.2,16848.4,33180.2,29.4,62.0,7.6,1.0,0.0,4.473133051573341
0.91,8.318,33.176,33420.288,190.72,2.45,491.344,6.98,6.2,0.4,1079728.0,3929212.0,142608.8,409588.0,36.8,0.0,56.0,26499.2,16441.0,33012.2,31.6,61.2,6.4,0.4,0.0,4.321479419193941
1.05,8.577,37.692,17392.64,236.786,2.02,549.275,6.12,6.4,0.0,1079294.4,4060025.6,142637.6,409372.8,16.0,0.0,17.6,24244.8,16885.0,33780.6,39.2,52.8,6.8,1.2,0.0,4.127731329814719
0.96,8.387,46.207,30896.128,212.812,2.24,508.088,6.72,7.0,0.0,1078861.6,4336304.0,142659.2,407970.4,3.2,0.0,3.2,28026.4,16152.8,33528.0,34.2,60.8,5.0,0.2,0.0,4.24474566352342
0.91,7.822,41.462,26212.352,191.39,2.33,468.073,6.82,7.2,0.0,1102908.0,4204596.8,142670.4,405068.8,1.6,23684.8,1.6,44737.6,17268.2,32808.4,35.0,56.0,6.8,2.4,0.0,4.85920925387687
0.96,7.967,28.889,28967.936,213.561,2.13,464.836,6.94,8.6,0.4,1075710.4,5024572.8,142687.2,409549.6,9.6,0.0,35.2,25870.4,15139.2,31088.2,35.6,57.8,6.2,0.4,0.0,4.240319954792547
0.98,7.947,25.018,28959.744,215.38,1.95,438.625,7.16,6.8,0.0,1075431.2,5218891.2,142711.2,409938.4,8.0,0.0,8.0,23019.2,15902.4,31716.4,36.0,55.6,7.6,1.2,0.0,5.207461822364066
1.05,8.704,14.988,26183.68,248.389,1.73,504.336,6.29,7.8,0.0,1075030.4,5330465.6,142731.2,411606.4,90.4,0.0,90.4,22797.6,18039.0,34661.4,32.0,57.0,9.6,1.8,0.0,4.918905661294335
1.12,8.395,18.774,20669.44,285.469,1.56,577.304,5.49,8.0,0.6,1074948.8,5445852.0,142740.8,405949.6,14.4,0.0,14.4,22453.6,16791.2,32468.6,32.8,58.6,7.8,1.0,0.0,4.716502879193033
1.2,8.708,16.276,17585.152,317.554,1.36,643.054,4.98,6.6,0.2,1074758.4,5387520.0,142756.0,410642.4,4.0,0.0,4.8,24450.4,16925.2,34756.8,34.6,56.2,8.2,1.2,0.0,4.7685667552356215
0.83,7.733,28.132,23916.544,224.229,1.98,385.947,7.99,6.6,0.2,1288884.8,5818392.8,142769.6,409620.0,76.8,83576.8,76.8,103088.8,16625.8,30718.4,27.0,63.4,6.8,2.8,0.0,4.825487612910124
1.22,7.618,21.03,12445.696,293.027,1.36,624.242,4.56,6.0,0.4,1074246.4,5684254.4,142788.8,411817.6,3.2,0.0,3.2,21504.8,15766.4,31087.4,39.2,53.2,6.4,1.0,0.0,5.332011132902098
1.07,7.962,34.312,14822.4,272.713,1.6,547.791,5.57,7.2,0.2,1086020.0,5894090.4,142808.8,412840.8,15.2,12113.6,15.2,33418.4,17099.8,32394.2,34.2,55.2,8.4,2.2,0.0,5.007341367389084
1.02,8.053,33.773,21567.488,330.304,1.39,384.214,8.0,6.4,0.4,1101176.0,6263758.4,142835.2,418575.2,4.0,26743.2,17.6,48186.4,17059.8,31725.6,34.0,57.6,7.0,1.6,0.0,4.605133778854816
0.91,8.221,26.344,20131.84,270.051,1.7,437.833,7.37,7.4,0.2,1073208.0,6419302.4,142865.6,414974.4,8.0,0.0,22.0,22440.0,16623.6,32030.2,39.6,52.2,7.0,1.4,0.0,5.190988140668158
0.36,9.532,25.925,943.508,148.114,3.43,207.819,12.5,7.2,0.6,1073464.0,6621180.0,142878.4,418001.6,1.6,51.2,1.6,31503.2,18620.8,38157.8,44.2,47.2,7.2,1.2,0.0,3.709344355107537
0.58,6.691,47.195,30565.376,189.352,2.29,258.241,11.76,6.2,1.0,1255000.0,1354749.6,36136.0,256569.6,8736.8,74320.0,23285.2,92431.2,16299.0,25031.0,16.0,76.6,4.0,3.2,0.0,6.327403748588723
0.57,7.207,35.874,29799.424,177.771,2.33,244.932,13.2,5.2,0.2,1203652.8,1917592.8,13240.0,210392.0,38535.2,44876.8,46255.2,63781.6,17860.6,28257.0,18.6,69.6,5.8,5.8,0.0,6.446847085922029
0.63,8.196,38.833,46381.056,217.192,1.99,288.622,13.24,6.8,0.2,1121232.8,3422220.8,82488.8,277660.0,251.2,1844.0,3177.2,26689.6,16801.6,32503.8,19.2,72.8,6.8,1.8,0.0,4.426635411392718
0.56,8.01,33.155,54237.184,186.384,2.25,245.881,15.68,6.6,0.2,1116629.6,3759739.2,114147.2,307731.2,228.8,0.0,1055.0,26528.0,15741.8,31802.8,22.0,70.2,7.2,1.0,0.0,4.538139549734735
0.58,7.755,36.081,57402.368,192.118,2.46,253.936,15.52,8.2,0.2,1105519.2,4519528.0,126827.2,329122.4,1767.2,0.0,3918.2,24357.6,15511.8,31030.8,26.2,65.6,6.8,1.4,0.0,4.407678807482999
0.65,7.863,33.723,38552.576,180.663,2.34,293.514,12.2,6.8,0.2,1098812.0,2435611.2,131900.8,356483.2,135.2,0.0,533.8,24056.8,15386.4,30830.2,24.8,65.8,7.6,1.4,0.0,4.558485510863794
0.57,8.313,20.015,52122.624,174.11,2.44,247.822,14.6,6.6,0.0,1097685.6,4195052.0,133908.8,361970.4,48.8,0.0,48.8,23130.4,15886.6,32263.6,23.4,67.0,8.2,1.4,0.0,4.340612542802009
0.57,8.667,16.265,46516.224,184.442,2.43,245.307,14.93,6.4,0.0,1096200.8,4329352.8,134712.0,365312.8,18.4,0.0,43.2,25151.2,16562.8,33394.6,22.2,66.6,9.0,2.2,0.0,3.987872433995534
0.58,7.266,33.754,49841.152,177.669,2.21,232.756,14.15,6.4,0.2,1095023.2,4862445.6,134972.0,363184.8,16.0,0.0,16.0,23449.6,15247.0,29788.6,26.2,64.8,8.0,1.6,0.0,4.877221012037881
0.6,6.13,38.706,25252.864,189.756,2.14,248.959,11.41,6.6,0.2,1346259.2,3518498.4,135072.8,362896.0,24.0,118143.2,36.8,136716.8,14184.6,25287.6,20.4,68.2,8.2,2.8,0.0,5.183846969076963
0.61,8.228,40.484,50210.816,176.608,2.59,280.918,12.71,7.2,0.2,1092775.2,4745123.2,135138.4,372533.6,88.8,0.0,836.8,25289.6,15890.8,32074.4,23.0,69.0,7.4,0.8,0.0,3.925464725119414
0.73,8.966,17.839,48110.592,153.471,3.04,407.427,8.73,6.2,0.0,1092560.8,3938592.0,135210.4,375816.8,32.0,0.0,32.0,28072.8,17861.2,35279.4,26.8,63.4,8.4,1.4,0.0,3.756864072388998
0.47,1.536,22.0,20936.704,72.663,1.8,90.089,16.56,10.4,1.0,1091071.2,3575816.0,135236.8,352095.2,32.8,0.0,58.4,1773.6,2179.6,3756.4,18.8,67.6,9.4,4.0,0.0,22.395683758294407
0.51,2.029,20.309,17181.696,82.638,1.86,105.309,15.56,8.6,0.4,1090691.2,3937337.6,135240.0,350367.2,46.4,0.0,587.2,4610.4,3561.8,6537.0,21.8,65.2,9.6,3.2,0.0,15.775293425509805
0.64,7.376,13.234,37799.936,138.165,2.79,281.671,10.59,5.2,0.0,1090261.6,4598720.8,135252.0,383049.6,22.4,0.0,22.4,23596.0,15443.6,29900.4,26.8,62.2,9.6,1.4,0.0,5.2657238418900905
0.87,7.544,13.1,22949.888,148.742,2.62,426.879,6.38,5.6,0.4,1089931.2,4125881.6,135272.0,387640.8,7.2,0.0,32.8,23324.8,16067.6,29752.6,31.0,56.6,10.6,2.0,0.0,4.973793821216124
0.93,6.871,12.938,14675.968,142.391,2.4,421.524,5.58,6.2,0.0,1089749.6,3997473.6,135283.2,383774.4,15.2,0.0,16.8,20548.0,13373.6,26675.4,35.8,53.2,9.0,2.4,0.0,5.903529181269001
0.84,6.839,15.476,27470.848,129.742,2.79,388.41,6.71,4.8,0.2,1089313.6,4326521.6,135288.0,383468.8,128.0,0.0,146.4,18398.4,14240.0,26965.4,32.0,56.6,9.8,1.8,0.0,5.329562888026662
0.99,8.195,13.779,32338.944,210.262,1.94,445.98,6.65,4.6,0.4,1085386.4,5112210.4,135290.4,390592.0,1297.6,0.0,1334.4,21654.4,17385.0,33222.6,29.4,58.8,9.8,2.2,0.0,4.617340392067179
1.06,9.023,14.451,30196.736,249.608,1.78,525.532,5.83,5.8,0.0,1084298.4,4896795.2,135820.8,416206.4,100.0,0.0,1064.8,25758.4,16926.0,35287.0,27.0,64.8,8.0,1.0,0.0,4.0353826400808215
0.91,7.122,17.78,18910.208,235.708,1.74,422.393,6.3,6.8,0.2,1684856.8,5073964.0,135831.2,420536.8,29.6,136135.2,124.8,156972.0,14946.2,27408.6,21.0,68.0,9.2,2.2,0.0,4.85859330701287
1.01,6.946,15.279,20807.68,216.879,1.76,445.439,5.71,6.6,0.0,1072324.0,5439935.2,135842.4,420467.2,4.0,0.0,7.2,20954.4,15217.8,29091.4,28.6,59.8,9.8,2.0,0.0,5.312239205129808
1.01,5.904,15.026,20530.176,185.254,1.72,403.782,5.65,6.6,0.4,1072068.0,5456941.6,136252.0,419180.8,8.8,0.0,59.2,18751.2,12888.0,24459.6,32.8,56.0,8.8,2.4,0.0,6.766183381694165
1.23,8.102,12.482,15157.248,293.985,1.38,655.094,4.31,7.2,0.2,1071658.4,5562388.8,136264.0,420701.6,96.8,0.0,100.0,23254.4,16472.2,31580.4,33.4,55.0,9.2,2.0,0.0,4.464386118408112
1.26,8.33,13.823,18274.304,284.323,1.36,673.633,4.27,6.0,0.0,1070640.0,5699229.6,136284.8,420962.4,11.2,0.0,11.2,25152.0,17084.0,33807.6,36.4,53.2,8.8,2.2,0.0,4.660241984207806
1.14,8.139,13.695,26204.16,331.039,1.24,497.538,5.99,4.6,0.0,1069974.4,6094303.2,136289.6,422948.8,20.0,0.0,44.8,24934.4,16630.2,31792.8,28.8,60.2,10.2,1.0,0.0,4.4895773969786
0.85,7.258,21.527,16812.032,264.219,1.69,294.253,8.87,5.8,0.0,1157849.6,6182954.4,136304.0,424627.2,0.0,97748.0,6.4,116320.8,15819.4,26998.2,22.2,63.8,10.8,3.0,0.0,4.190269550243458
0.95,7.476,23.154,18073.6,261.272,1.53,380.791,6.76,7.0,0.0,1086266.4,6395104.0,136316.0,424298.4,11.2,57919.2,14.4,79425.6,16009.6,28231.2,26.4,59.8,10.4,3.2,0.0,4.691707882709533
0.26,10.113,11.217,1091.584,119.025,4.18,173.812,13.17,6.2,0.0,1069772.0,6593604.8,136342.4,427460.0,8.0,47.2,8.8,29339.2,20245.6,39356.8,40.6,48.2,9.2,1.8,0.0,3.44882537881282
0.71,6.42,17.956,41657.344,232.397,1.79,297.921,12.0,8.4,1.6,1113829.6,866181.6,87012.8,365140.0,76.0,40140.8,1453.8,62233.6,16737.4,28159.8,27.8,67.4,3.2,1.6,0.0,9.190553910516854
0.68,6.701,18.588,44533.76,215.866,2.01,279.181,13.3,9.4,0.2,1085144.8,1677233.6,83754.4,326442.4,224.8,1598.4,1869.6,25830.4,15861.2,29128.8,31.4,63.4,4.2,0.8,0.0,7.558016705691369
0.68,7.102,15.592,46727.168,204.705,2.12,264.009,14.09,7.0,1.0,1140646.4,2293918.4,72732.0,334384.8,391.2,0.0,2912.8,22939.2,15823.0,28299.2,32.0,62.0,5.2,1.0,0.0,7.374642814992393
0.73,6.749,15.809,39545.856,224.351,1.86,290.863,14.23,8.6,0.2,1118350.4,1701275.2,86987.2,341285.6,412.0,0.0,4112.4,23883.2,15037.6,27236.6,34.0,61.2,4.4,0.8,0.0,8.611539971301287
0.76,7.646,13.823,34573.312,233.103,1.9,305.885,13.15,7.8,0.0,1116302.4,2020316.0,121440.0,339739.2,211.2,0.0,265.6,25713.6,16565.6,30714.8,31.6,62.8,4.8,0.6,0.0,7.273423743970466
0.61,4.276,18.559,32684.032,136.316,2.09,174.607,14.84,9.8,0.0,1114408.0,3523978.4,132108.0,332856.8,180.8,0.0,244.8,12712.0,8954.2,15499.6,36.2,60.4,2.4,0.8,0.0,13.487862689154488
0.74,4.695,20.515,19287.04,182.327,1.75,234.69,12.47,10.0,0.2,1112667.2,3372498.4,134968.0,331160.8,33.6,0.0,718.8,13022.4,8754.4,15346.2,37.6,56.0,5.6,1.6,0.0,11.127720958447854
0.61,5.239,16.626,40853.504,160.109,2.0,203.94,14.64,9.6,0.4,1102171.2,3754984.8,137593.6,346402.4,3711.2,0.0,4396.6,13385.6,8860.6,15549.4,35.6,60.6,3.0,1.0,0.0,9.563547952703692
0.7,5.945,20.71,25942.016,198.429,2.2,256.226,13.18,9.0,0.4,1154181.6,2157643.2,139349.6,360507.2,6.4,37776.8,754.2,58756.0,15098.2,25909.6,32.6,61.8,4.8,1.0,0.0,8.015602389387837
0.63,5.606,17.315,37057.536,166.848,2.06,213.674,16.2,8.4,0.2,1095552.0,3149951.2,139841.6,360054.4,13.6,0.0,32.0,18996.0,12517.6,22322.6,34.0,62.2,3.4,0.4,0.0,10.076412232984014
0.65,4.562,20.105,24813.568,157.096,2.07,203.592,14.41,9.8,0.0,1095077.6,2901348.8,140220.8,366579.2,55.2,0.0,2126.8,14213.6,9267.2,16944.0,36.6,59.0,3.4,0.6,0.0,11.857606868932743
0.73,6.011,16.305,30128.128,209.818,1.81,269.029,12.9,10.0,1.0,1092992.8,4357799.2,140380.0,381767.2,101.6,0.0,443.6,20117.6,13519.4,23912.2,37.0,59.2,3.6,0.2,0.0,9.520783878508068
0.71,6.89,15.781,34699.264,210.137,1.95,270.09,13.69,9.4,0.6,1090879.2,4158619.2,140632.0,396492.8,876.8,0.0,1018.8,23605.6,14625.8,27040.8,34.2,61.0,4.2,0.8,0.0,8.193276944707652
0.74,6.733,18.936,32520.192,218.817,1.87,280.597,12.91,8.8,0.6,1077050.4,4864032.0,140648.0,402055.2,71.2,0.0,86.4,23042.4,14674.2,26891.4,36.4,58.2,4.6,0.8,0.0,8.049235869479437
0.75,6.192,14.531,21672.96,203.474,1.85,259.54,12.76,8.6,0.2,1076948.0,4459335.2,140688.8,396918.4,31.2,0.0,118.4,20976.0,13363.4,24336.2,37.8,58.8,3.2,0.4,0.0,8.734324930708192
0.7,6.129,15.86,30919.68,193.945,1.94,249.206,13.67,9.2,0.2,1074568.8,5020003.2,140696.8,403727.2,9.6,0.0,12.0,20520.0,13396.4,23978.8,37.0,58.4,4.0,0.8,0.0,8.781245302839825
0.74,7.189,13.735,28785.664,224.098,2.03,289.432,12.92,9.8,0.2,1074129.6,5409487.2,140705.6,406924.8,20.0,0.0,26.4,24868.0,14919.2,27949.8,37.2,58.0,4.4,0.2,0.0,6.5698278577704174
0.77,7.18,16.842,31838.208,218.111,2.04,307.319,11.63,9.4,0.8,1073814.4,5184591.2,140718.4,407927.2,4.0,0.0,4.0,24782.4,15961.6,29452.6,38.2,56.8,5.0,0.2,0.0,6.554774769016953
0.81,7.38,15.198,29217.792,202.45,2.17,350.586,9.93,8.6,0.2,1073712.8,5050912.8,140776.8,405673.6,35.2,0.0,281.0,23462.4,15884.4,28959.2,37.8,58.0,3.8,0.4,0.0,7.0788618528618
0.88,7.117,14.699,25426.944,195.951,2.39,407.001,8.38,8.0,0.0,1073269.6,5069494.4,141024.8,415321.6,28.8,0.0,813.4,23609.6,15744.2,27939.6,38.4,57.4,3.8,0.2,0.0,6.821832830452946
0.91,7.126,20.096,19297.28,191.742,2.19,400.841,7.85,8.8,0.2,1072856.8,4906664.0,141128.0,417678.4,32.0,0.0,59.2,24878.4,14538.8,27835.8,40.4,53.4,5.4,0.8,0.0,7.21338194056395
0.89,6.526,18.606,18957.312,189.521,2.08,383.496,7.88,8.0,0.0,1072912.0,5101359.2,141132.0,415127.2,8.0,0.0,9.6,22501.6,14373.2,26131.4,44.2,52.6,2.8,0.4,0.0,8.876504898071289
0.89,7.258,19.273,16173.056,209.417,2.16,386.346,8.42,10.0,0.2,1072656.0,5569537.6,141144.0,421070.4,20.0,0.0,20.8,23641.6,14505.4,28137.8,43.2,52.2,4.4,0.6,0.0,6.469764112783224
1.0,5.974,21.551,14671.872,227.895,1.72,414.518,6.99,8.2,0.2,1072400.0,5659638.4,141145.6,418489.6,64.0,0.0,64.0,22828.0,12783.4,24419.6,42.6,52.6,4.2,0.6,0.0,8.317390526548007
1.12,6.448,18.489,12076.032,282.323,1.39,538.951,5.82,8.2,0.4,1072144.0,5706782.4,141151.2,416214.4,20.0,0.0,20.0,21866.4,14921.2,26739.0,46.4,49.6,3.6,0.6,0.0,7.724450515197204
1.11,6.948,16.467,9507.84,279.607,1.46,523.336,5.97,8.4,0.2,1071990.4,6011291.2,141152.8,418320.8,14.4,0.0,42.4,25200.0,14011.6,27654.4,41.8,52.6,5.6,0.2,0.0,7.904078144776193
1.07,6.264,15.528,9620.48,249.777,1.47,467.985,6.31,7.4,0.0,1071632.0,6122235.2,141172.0,420980.8,12.0,0.0,40.8,23019.2,15143.8,27739.4,46.8,49.4,3.4,0.0,0.0,9.1098389603842
0.91,5.694,18.23,13937.664,239.402,1.49,259.634,9.98,8.0,0.2,1071376.0,6434642.4,141176.0,422826.4,11.2,0.0,20.8,19652.0,12339.4,22542.6,42.0,52.6,4.8,0.6,0.0,9.679602656717083
0.56,7.103,17.018,907.593,172.472,2.44,227.0,12.13,7.6,0.6,1069952.0,6589544.8,141180.0,419261.6,0.0,30.4,0.0,24282.4,15683.6,29523.8,49.8,45.0,5.0,0.6,0.0,7.243352184272591
0.62,5.668,22.633,40546.304,180.656,2.19,233.926,13.48,8.0,0.0,1073349.6,1108056.8,113540.8,373884.8,24.8,3462.4,161.0,22164.8,13711.8,24118.4,29.8,62.8,6.0,1.4,0.0,7.741106710126323
0.63,6.5,19.369,44334.08,195.174,2.12,252.791,13.55,8.2,1.0,1095711.2,1591136.0,58448.8,330674.4,24.0,4976.0,3260.0,29467.2,14484.4,28176.0,25.6,66.2,7.6,0.8,0.0,7.487114597944434
0.64,6.282,17.54,42120.192,196.938,2.02,254.151,14.77,8.8,0.0,1146862.4,1489638.4,63704.8,315464.0,154.4,997.6,3208.8,21915.2,14371.2,25448.4,31.2,61.8,6.0,1.2,0.0,7.531646208547468
0.64,6.303,15.123,43101.184,183.61,2.03,237.078,15.48,7.8,0.0,1150680.8,2036008.8,62265.6,302328.8,236.8,0.0,1224.4,20410.4,13812.8,24979.0,29.8,63.0,6.4,1.2,0.0,8.301758667245446
0.72,6.764,14.488,31687.68,210.933,1.91,275.764,12.58,9.8,0.2,1142898.4,1881708.8,105117.6,341320.8,293.6,0.0,383.2,21163.2,14814.4,27361.2,33.2,59.4,7.0,1.0,0.0,6.73039112026844
0.72,7.297,14.027,36066.304,223.211,1.95,293.825,12.72,7.8,0.4,1119244.0,3074720.0,122124.8,346907.2,3372.0,0.0,5014.4,22548.8,15611.6,29137.8,28.6,64.6,5.8,1.0,0.0,6.751376229363519
0.71,6.413,16.939,30033.92,201.78,1.85,262.073,12.93,8.0,0.0,1099788.0,2805226.4,129560.8,372031.2,27.2,0.0,48.0,19826.4,13793.0,24816.8,34.6,59.2,5.4,1.2,0.0,7.839129641165142
0.71,6.897,16.825,34065.408,207.848,1.98,268.328,12.78,7.0,0.6,1099532.0,4407236.0,132620.0,371633.6,16.8,0.0,24.8,22074.4,14715.6,27364.4,32.8,60.8,6.0,0.8,0.0,6.215363400499893
0.69,6.733,16.571,34768.896,198.934,2.04,259.662,13.57,6.2,0.8,1096460.0,3664378.4,133943.2,385823.2,122.4,0.0,495.2,21996.0,14336.4,26426.2,32.2,61.8,5.2,0.8,0.0,6.828694245809846
0.7,5.951,20.191,29471.744,198.711,1.96,259.42,12.54,8.6,0.2,1095436.0,3115196.0,134731.2,387372.0,21.6,0.0,22.4,19283.2,12055.0,22593.4,32.4,61.2,5.4,0.6,0.0,7.195667344696668
0.72,7.865,15.65,36917.248,225.814,1.94,294.178,12.98,8.6,0.0,1095180.0,4471149.6,134899.2,394544.8,25.6,0.0,27.2,26576.0,16445.0,31258.2,33.0,60.0,6.4,0.6,0.0,6.030784526341399
0.69,7.148,19.433,32563.2,199.808,2.14,258.537,13.71,7.6,0.0,1094668.0,4790092.8,134972.0,394532.0,79.2,0.0,79.2,23272.0,16113.4,29570.8,31.8,61.6,6.0,1.2,0.0,5.896990278125864
0.7,7.155,21.944,32148.48,205.351,2.08,267.646,13.03,5.8,0.2,1094668.0,5048206.4,134991.2,390428.8,9.6,0.0,13.6,22611.2,14978.4,28014.6,33.8,59.6,5.8,1.2,0.0,5.921345218839381
0.68,5.287,29.852,17579.008,191.268,2.19,248.255,11.38,9.2,0.0,1207109.6,3777856.0,135480.0,407517.6,131.2,66728.0,994.4,83535.2,12313.8,20776.8,33.0,61.0,4.8,1.6,0.0,7.542796769932885
0.68,6.614,28.895,31287.296,187.117,2.17,242.808,12.76,8.2,0.0,1083877.6,5653247.2,135491.2,410166.4,4.0,0.0,4.8,20393.6,13945.4,25421.4,34.4,59.8,5.2,0.8,0.0,6.214039807492587
0.68,6.749,19.531,28240.896,191.699,2.24,249.714,12.95,7.4,0.8,1082317.6,5482710.4,135505.6,433121.6,57.6,0.0,77.6,18875.2,13621.0,26685.2,35.8,59.0,4.2,0.8,0.0,5.886810216632277
0.69,6.832,14.903,38108.16,206.745,1.94,265.992,13.39,7.2,0.2,1082195.2,5107321.6,135526.4,424087.2,6.4,0.0,36.8,22946.4,14646.4,26748.0,32.2,61.0,5.8,1.0,0.0,6.963445472938813
0.74,7.387,12.816,29757.44,185.224,2.32,312.051,10.66,5.8,0.0,1081883.2,4994757.6,135532.0,436005.6,5.6,0.0,8.0,22925.6,16310.8,29225.2,35.0,59.0,5.4,0.8,0.0,5.888264165177561
0.75,6.414,18.283,28676.096,172.526,2.16,288.795,10.19,8.2,0.2,1081489.6,5226400.8,135536.0,438253.6,15.2,0.0,20.0,21064.8,13373.6,25233.2,34.0,59.6,5.8,0.8,0.0,7.759928085643392
0.75,6.758,15.572,26158.08,161.842,2.41,296.218,10.15,7.4,0.0,1076717.6,5324768.8,135548.0,434247.2,103.2,0.0,103.2,22317.6,14445.6,26688.8,34.6,58.0,6.2,0.8,0.0,6.897943301808547
0.96,7.522,14.549,21308.416,222.999,1.9,428.186,7.41,7.6,0.0,1076566.4,5169675.2,135548.0,436524.8,0.0,0.0,28.8,25571.2,15225.0,29788.6,38.8,54.0,7.0,0.8,0.0,6.377398714106134
0.88,5.935,15.692,15138.816,232.101,1.62,358.61,7.85,7.2,0.2,1681756.0,5079340.8,135548.0,433293.6,11.2,151518.4,28.8,169927.2,13398.4,21861.6,32.6,60.0,5.6,1.8,0.0,8.86645401723286
0.91,6.713,14.324,22006.784,214.133,1.86,377.376,7.88,8.6,0.2,1069034.4,5659933.6,135557.6,439184.0,116.8,0.0,117.6,21614.4,13909.0,26785.2,37.8,56.2,5.4,0.6,0.0,7.529746633551201
1.11,7.905,13.863,14141.44,273.896,1.6,537.479,5.99,6.6,0.8,1068984.0,5590408.0,135564.0,441234.4,0.8,0.0,2.4,25433.6,16454.4,30787.4,38.8,55.0,5.6,0.8,0.0,5.325168821546766
1.15,8.029,16.064,11467.776,298.384,1.43,585.726,5.47,6.8,0.2,1068728.0,5663248.8,135572.8,440540.8,3.2,0.0,4.8,21799.2,16995.4,31503.4,41.0,51.8,6.4,1.0,0.0,5.679406522573511
1.17,8.159,13.321,11770.88,297.503,1.52,618.927,5.44,7.0,0.4,1068204.8,5899328.8,135580.8,436451.2,20.0,0.0,20.8,25652.0,17914.8,32506.6,42.4,50.2,6.4,0.8,0.0,5.479300979280123
1.1,7.5,15.949,14860.288,326.985,1.26,433.501,7.25,9.8,0.0,1067752.0,6204322.4,135586.4,434308.0,0.8,0.0,2.4,24122.4,16691.8,30308.0,40.4,53.2,5.8,1.0,0.0,6.497147282179877
1.05,7.426,17.713,19012.608,308.817,1.36,427.579,7.38,7.6,1.0,1067752.0,6372087.2,135600.0,444307.2,7.2,0.0,12.0,26120.0,15860.8,30399.0,37.4,56.6,5.6,0.4,0.0,6.352173308678927
0.5,8.231,18.151,1183.744,165.943,2.75,223.748,12.45,8.0,0.0,1067752.0,6576038.4,135605.6,437705.6,18.4,48.8,18.4,26192.8,17497.8,32743.0,48.6,43.4,6.8,1.0,0.0,5.577597507210665
0.59,5.627,54.622,26790.912,181.518,2.41,243.595,10.82,10.4,0.6,1234147.2,187644.8,32460.8,286605.6,5442.4,92586.4,20210.6,107412.8,16470.6,22631.8,16.8,76.2,2.6,4.4,0.0,7.521321513272887
0.62,6.512,63.378,25518.08,182.005,2.02,246.11,11.55,7.8,0.2,1329927.2,293768.8,31992.8,320068.8,7557.6,70111.2,15393.4,85463.2,15924.8,24240.6,23.6,65.0,5.0,6.6,0.0,7.192539082442542
0.66,6.631,43.67,28422.144,216.28,2.49,287.38,11.86,8.0,0.0,1192591.2,1053800.0,42492.8,313649.6,1962.4,27276.8,11308.6,45133.6,14909.8,26438.2,25.8,66.4,5.8,2.0,0.0,6.332404006748542
0.66,8.212,36.079,48734.208,218.539,2.1,291.881,14.08,7.0,0.8,1134248.0,3776477.6,93252.8,345314.4,1591.2,0.0,4479.2,23111.2,16340.0,33110.4,26.0,65.8,7.0,1.6,0.0,4.399103184264107
0.67,8.126,41.675,50152.448,230.984,2.11,303.049,13.69,6.8,0.0,1125396.0,4680956.0,125671.2,356153.6,322.4,0.0,1523.0,24662.4,15938.0,32268.8,27.4,65.0,6.8,1.0,0.0,4.241122889215235
0.68,8.204,55.624,46954.496,228.307,2.09,303.102,13.17,6.6,0.0,1124428.8,4119817.6,136840.0,356111.2,100.0,0.0,128.0,24275.2,15408.2,32278.2,26.6,67.0,6.0,0.4,0.0,4.122224951937436
0.67,8.055,38.02,46104.576,220.645,2.16,292.23,13.48,8.2,0.2,1121527.2,4274340.0,140117.6,366767.2,71.2,0.0,97.6,21816.8,15784.0,31723.8,29.4,63.2,6.4,0.8,0.0,4.163223807392558
0.66,7.539,40.342,40292.352,200.965,2.13,262.296,13.82,6.8,0.0,1120081.6,5126469.6,141191.2,365033.6,184.0,0.0,224.0,24645.6,15476.2,30599.4,26.4,66.8,6.6,0.8,0.0,4.897590753983478
0.69,7.546,35.079,25901.056,203.642,2.23,267.679,13.39,7.0,0.0,1115819.2,4020068.0,141598.4,371142.4,3036.8,0.0,4661.6,23079.2,14710.0,29347.4,28.6,66.0,5.2,0.4,0.0,4.391593772882611
0.76,8.247,23.775,22872.064,202.786,2.22,325.557,11.0,6.4,0.8,1103765.6,3836213.6,141725.6,371025.6,8.0,0.0,9.6,22690.4,17124.0,32730.4,28.4,61.6,8.4,1.6,0.0,4.479499853958107
0.65,5.708,36.545,23468.032,212.955,1.87,276.023,11.16,7.6,0.0,1401562.4,3379375.2,141765.6,373685.6,31.2,138836.8,36.0,155037.6,14221.6,22754.2,25.2,66.0,7.0,2.0,0.0,6.1607502813946295
0.73,5.784,43.091,18646.016,205.002,2.08,335.63,8.31,6.8,0.0,1602900.0,2781211.2,141780.0,372479.2,6.4,165821.6,6.4,182300.0,13695.8,24035.8,27.0,64.2,6.6,2.4,0.0,6.078390514149386
0.62,7.173,18.103,34086.912,171.802,2.37,226.928,13.57,6.4,0.4,1097158.4,5098501.6,141783.2,375443.2,59.2,0.0,59.2,20516.0,15824.8,30567.2,27.8,62.4,8.6,1.6,0.0,5.259331067403157
0.65,5.644,21.94,18980.864,193.495,2.0,248.913,10.76,6.2,0.8,1362911.2,4052194.4,141797.6,373569.6,40.8,119650.4,41.6,133709.6,13336.8,21471.0,24.2,66.0,7.6,2.8,0.0,6.446427030113123
0.75,6.393,15.773,19921.92,143.652,2.6,289.359,9.25,7.2,0.2,1095932.0,4215273.6,141815.2,373624.8,4.8,0.0,4.8,17004.8,13045.8,24744.6,33.0,57.8,8.0,1.2,0.0,6.01968674387114
0.77,8.157,18.526,35424.256,169.016,2.53,378.37,8.82,7.6,0.0,1095333.6,4617218.4,141829.6,378310.4,121.6,0.0,252.8,23106.4,16626.8,32254.8,27.2,63.0,8.6,1.0,0.0,5.022294152231895
0.81,8.249,14.529,28957.696,152.434,2.78,407.7,7.6,8.0,0.2,1095040.0,4226632.0,141836.0,382514.4,92.0,0.0,106.0,23562.4,17322.4,32688.6,30.4,59.4,9.4,1.0,0.0,4.857528731347676
0.85,7.809,25.626,28122.112,160.59,2.7,434.336,6.99,7.4,0.2,1094672.8,4312171.2,141853.6,380196.0,3.2,0.0,12.8,22194.4,16268.0,32248.6,35.8,57.0,6.8,0.8,0.0,4.7408765483750654
0.95,7.37,28.046,22440.96,197.293,2.1,445.925,6.67,9.0,0.0,1082744.0,4431336.0,141925.6,400306.4,44.8,0.0,60.0,23335.2,15631.4,30421.8,32.2,59.6,7.4,0.8,0.0,5.301697290017477
0.84,7.279,22.816,28912.64,171.506,2.36,404.961,7.36,6.2,0.6,1072449.6,4806017.6,142073.6,400000.0,14.4,8498.4,44.0,31228.8,15779.4,31048.4,31.0,59.6,8.2,1.2,0.0,5.643752284516069
1.0,6.604,18.717,17511.424,201.303,1.81,419.07,6.33,6.8,0.6,1049658.4,5020684.0,142140.8,400526.4,48.0,0.0,1236.0,22204.0,14468.4,27207.8,38.6,54.2,7.0,0.8,0.0,6.33823317150737
0.97,7.515,16.735,23317.504,218.068,1.85,428.331,6.77,7.0,0.2,1049412.0,5436563.2,142225.6,411814.4,42.4,0.0,67.2,23527.2,15619.2,29330.4,33.4,56.8,8.4,1.4,0.0,5.154479615057458
1.14,8.606,13.886,17837.056,287.896,1.52,595.413,5.25,7.2,0.0,1049316.0,5525032.8,142232.8,411979.2,9.6,0.0,12.0,26580.8,17460.4,34175.6,34.4,55.2,8.8,1.6,0.0,4.716714848504116
1.24,8.217,12.906,11035.648,305.616,1.38,674.248,4.41,6.8,0.4,1048878.4,5311754.4,142240.0,410938.4,3.2,0.0,10.4,24132.0,16583.8,32115.8,39.8,50.6,8.0,1.8,0.0,4.762797363232732
1.31,7.926,16.015,5987.328,302.923,1.37,703.613,4.08,7.0,0.0,1048470.4,5548463.2,142248.0,412087.2,79.2,0.0,81.6,24790.4,16592.6,31743.4,41.2,48.6,8.4,2.0,0.0,5.028073619676116
1.09,8.08,15.108,19233.792,267.777,1.56,559.841,5.45,6.4,0.6,1048422.4,5852155.2,142556.0,417330.4,0.0,0.0,0.0,26034.4,16408.2,32808.4,37.0,53.0,8.2,1.6,0.0,5.013556384721328
1.09,7.734,16.987,23611.392,329.527,1.27,396.055,7.48,5.6,0.0,1048576.0,6215006.4,142564.0,410304.8,0.0,0.0,3.2,23707.2,16202.0,30374.0,36.0,56.2,6.8,1.2,0.0,4.971248395802765
0.96,6.058,37.531,15191.04,254.013,1.46,358.103,6.97,6.6,0.8,1083505.6,6382751.2,142564.0,408991.2,11.2,44377.6,18.4,62930.4,14714.8,23733.2,33.8,55.4,7.8,3.0,0.0,6.627125766395864
0.36,8.068,13.394,1138.688,126.123,3.35,174.119,12.93,6.0,0.2,1047987.2,6570412.8,142564.0,415012.0,63.2,39.2,72.8,24417.6,16982.2,31337.4,43.4,47.8,7.2,1.4,0.0,4.869023507291621
0.49,4.588,42.297,27454.464,147.793,2.19,192.445,12.7,6.6,0.0,1252472.0,294115.2,51650.4,341304.8,448.8,116439.2,1723.2,126296.8,14580.8,18454.4,15.0,74.4,5.4,5.0,0.0,7.532820030672466
0.48,5.728,41.905,15890.432,146.005,2.87,210.568,9.52,8.8,0.8,1280148.0,111676.0,22955.2,255426.4,34443.2,97610.4,51216.2,110040.8,16467.8,22856.8,9.2,77.8,4.2,9.2,0.0,8.999684551456669
0.62,7.989,21.478,38100.992,203.718,2.01,273.544,12.62,5.8,0.2,1138104.8,3327481.6,28399.2,259021.6,1030.4,4601.6,8280.4,27800.8,16243.0,30936.8,18.2,72.4,7.4,2.4,0.0,4.991608793590587
0.61,7.979,21.217,44432.384,193.268,2.24,258.236,14.18,6.6,0.2,1122741.6,4335709.6,94984.0,310636.8,284.0,0.0,1487.2,25128.0,15709.8,30727.0,19.8,71.2,7.6,1.4,0.0,4.355780087238134
0.59,7.916,15.68,45512.704,192.595,2.19,254.337,13.9,6.4,0.0,1105692.0,3722312.8,122549.6,327460.8,1968.8,0.0,2002.4,23328.0,16093.2,31129.6,22.2,68.0,7.8,2.0,0.0,4.3920202458158455
0.6,8.393,16.895,46984.192,197.053,2.29,261.681,13.92,4.4,0.0,1103336.8,4087013.6,133806.4,333776.0,103.2,0.0,113.6,22932.8,16259.8,32263.6,26.0,63.2,9.2,1.8,0.0,4.03672147680212
0.56,7.648,20.935,44656.64,171.728,2.69,229.016,15.48,6.6,1.0,1102415.2,4023308.0,138633.6,338976.8,40.0,0.0,1045.2,22208.8,15560.8,30739.2,23.6,68.0,6.8,1.8,0.0,4.6917073230415065
0.66,6.683,23.558,24561.664,230.262,1.76,298.906,9.69,6.4,1.4,1764592.0,3032381.6,140115.2,346222.4,190.4,187984.0,205.6,206596.0,14258.4,25494.2,18.4,70.4,8.4,2.8,0.0,5.258689428630628
0.57,8.583,17.38,42286.08,178.834,2.51,237.362,14.01,6.4,0.6,1097336.8,5151687.2,141154.4,351779.2,2464.0,0.0,8422.2,22496.8,16131.6,33918.2,23.6,66.6,8.4,1.8,0.0,4.404047497224493
0.62,7.67,22.02,47285.248,158.263,2.54,270.613,11.98,5.4,0.4,1093572.8,3992210.4,141615.2,379836.0,14.4,0.0,14.4,24364.8,15168.6,31218.8,25.0,66.0,8.0,1.4,0.0,4.853812885670527
0.83,8.182,20.624,25231.36,165.255,2.49,398.726,7.54,6.4,0.0,1092156.0,3354035.2,141773.6,382598.4,14.4,0.0,15.2,21596.8,17054.2,32572.0,28.2,60.4,9.4,2.0,0.0,4.3613784096457735
0.63,6.204,54.176,23847.936,194.499,2.15,287.465,9.5,5.2,1.2,1594550.4,3043585.6,141812.8,381368.8,44.8,177773.6,69.6,196307.2,14894.6,24878.2,18.4,72.4,6.8,2.6,0.0,4.843282969202094
0.93,8.045,36.071,22486.016,149.085,2.67,487.44,5.8,6.2,0.6,1084577.6,2963961.6,141843.2,385561.6,71.2,0.0,99.2,27062.4,14931.8,31098.8,34.0,57.4,7.8,1.0,0.0,4.695394536951087
0.91,8.6,38.882,39048.192,176.455,2.59,534.938,6.32,6.6,1.0,1085056.0,3426870.4,141868.0,385520.8,15.2,0.0,36.0,22493.6,16964.2,34435.6,34.4,56.2,8.0,1.6,0.0,3.8267073543039793
0.86,7.483,44.917,23954.432,244.666,1.83,453.632,6.55,6.4,0.4,1674296.0,3795590.4,141888.0,382359.2,5.6,184485.6,5.6,204596.8,14521.4,27493.6,24.6,65.8,7.6,2.0,0.0,4.272594676218285
0.94,8.053,40.158,36852.736,195.917,2.26,508.189,6.38,5.2,0.2,1082880.8,4239788.0,141900.8,384049.6,57.6,0.0,78.4,25767.2,16480.6,33175.4,35.4,56.0,7.4,1.2,0.0,3.9415705917227983
1.03,8.338,48.692,28261.376,227.277,1.99,510.872,6.2,7.4,0.2,1083172.0,4020896.8,142216.0,393330.4,16.0,0.0,18.4,25895.2,15955.8,33192.8,33.2,58.0,7.6,1.0,0.0,3.780117691165269
0.97,7.822,52.903,35650.56,203.651,2.07,466.637,6.63,5.4,0.0,1082916.0,4558868.0,142250.4,387995.2,27.2,0.0,27.2,23715.2,15424.8,31047.0,35.4,57.2,6.0,1.6,0.0,4.201664653957183
0.96,7.163,89.727,25263.104,207.868,2.11,473.02,6.06,5.6,0.2,1136261.6,4415516.0,142252.0,392386.4,6.4,40253.6,11.2,60484.8,15691.0,29709.2,30.8,62.2,5.4,1.6,0.0,4.383695849381665
1.2,8.04,62.077,33410.048,285.543,1.42,654.979,4.97,6.8,0.0,1075668.0,4910400.0,142262.4,397323.2,8.0,0.0,81.2,25632.0,15314.0,31940.6,40.8,51.8,6.4,1.2,0.0,4.599451195342854
1.22,7.826,46.012,24496.128,294.588,1.44,655.867,4.68,8.0,0.0,1075523.2,5224805.6,142268.0,391961.6,22.4,0.0,24.8,27484.8,15437.8,30878.4,35.4,58.6,5.6,0.8,0.0,4.186855338821037
1.15,7.864,22.58,20803.584,290.676,1.34,585.806,4.82,5.6,0.0,1075422.4,5301046.4,142290.4,391961.6,6.4,0.0,8.8,24632.8,15624.8,31730.6,32.4,58.6,7.6,1.6,0.0,4.819258232975312
1.22,7.581,35.463,18226.176,294.107,1.35,651.759,4.32,6.0,0.2,1073056.0,5448940.0,142300.0,401230.4,46.4,0.0,47.2,22662.4,15136.2,29629.2,36.6,54.6,7.2,1.4,0.0,4.807832246794161
1.43,7.429,42.756,8099.84,310.694,1.2,766.48,3.4,6.4,0.2,1072800.0,5270581.6,142303.2,408348.8,0.0,0.0,0.8,23225.6,14770.8,29785.2,43.6,48.4,6.8,1.2,0.0,4.97075712700586
1.26,7.606,32.304,16500.736,297.471,1.39,711.112,4.09,5.4,0.0,1072800.0,5683776.8,142309.6,402772.0,0.0,0.0,3.2,23210.4,15810.0,30785.6,42.4,49.4,6.6,1.4,0.0,4.260480192085488
1.19,7.602,31.097,26298.368,367.131,1.1,503.76,5.79,6.8,0.0,1072748.8,6060467.2,142320.0,404933.6,26.4,0.0,40.0,23259.2,15195.2,30093.2,33.8,58.2,7.0,1.4,0.0,4.5437364527635085
0.95,6.319,49.508,24421.376,304.885,1.21,319.574,7.95,8.6,0.8,1101647.2,6194775.2,142325.6,408445.6,8.0,52428.8,10.4,71260.8,13978.8,24665.8,29.2,61.2,7.6,2.4,0.0,5.621682178672497
1.03,7.655,17.731,25989.12,304.254,1.31,421.373,6.58,7.2,0.0,1071904.0,6369589.6,142332.0,404066.4,2.4,0.0,4.8,23993.6,15005.2,29746.4,31.2,58.4,8.8,1.4,0.0,4.644825881437956
0.27,9.902,14.391,1127.424,121.504,4.1,175.098,12.82,5.4,0.4,1072160.8,6569301.6,142337.6,406288.8,0.0,54.4,0.8,25507.2,19965.2,40017.4,40.0,48.2,9.8,1.8,0.0,3.360030095138892
0.7,6.233,30.983,39600.128,215.671,2.01,280.348,12.74,9.8,0.4,1085504.0,950865.6,92873.6,336157.6,25.6,13480.0,2058.6,32280.8,16129.6,27268.4,31.8,64.0,3.4,1.0,0.0,8.068592400563695
0.67,6.345,22.341,47344.64,210.703,1.96,271.978,14.15,10.4,0.0,1132734.4,1811170.4,71602.4,364172.0,261.6,0.0,2612.0,23175.2,15677.2,27834.8,32.8,63.8,3.2,0.6,0.0,9.534406437769205
0.73,7.27,18.781,36260.864,240.466,1.9,312.726,13.32,8.6,0.4,1128873.6,1697207.2,84116.0,331660.8,3052.8,879.2,11133.6,26346.4,15424.0,29724.2,31.4,65.0,3.0,0.8,0.0,7.132440628251338
0.76,6.953,25.357,29820.928,241.043,1.84,319.196,12.61,10.4,0.8,1120094.4,1381742.4,119420.0,348577.6,179.2,12108.0,1360.8,35412.0,16460.2,28881.2,35.2,60.0,4.0,0.8,0.0,7.529791066882309
0.79,7.02,24.858,32808.96,244.298,1.82,318.747,12.51,9.0,0.2,1106392.0,3059926.4,131207.2,339996.8,773.6,0.0,1815.4,21356.8,14954.8,28388.0,35.2,60.6,3.6,0.8,0.0,7.709913817653312
0.77,7.721,22.474,34531.328,248.71,1.89,325.218,12.69,6.8,0.0,1102451.2,2574400.0,136517.6,358178.4,158.4,0.0,1354.8,21549.6,15898.6,30268.8,35.6,60.4,3.6,0.2,0.0,6.12297316250202
0.76,6.662,19.359,29069.312,224.711,1.87,291.661,12.56,7.6,0.6,1101631.2,2508760.0,137998.4,357197.6,99.2,0.0,172.0,18335.2,14124.0,26270.6,37.0,59.6,3.0,0.4,0.0,7.40024804774262
0.75,7.201,19.434,35946.496,240.575,1.88,313.549,12.44,7.2,0.0,1095612.8,3174231.2,138462.4,368884.0,710.4,0.0,1059.8,21951.2,14754.0,28191.0,31.6,64.8,3.2,0.2,0.0,7.287419335395461
0.77,7.067,21.406,29125.632,244.317,1.84,316.804,12.54,9.2,0.2,1094896.0,2956584.8,138668.8,370436.0,58.4,0.0,87.2,21096.8,14634.8,28325.2,35.2,60.8,3.4,0.8,0.0,6.534934563314732
0.75,6.579,23.22,35885.056,231.699,1.77,297.467,12.88,9.4,0.4,1091260.0,3946324.8,138744.8,367578.4,19.2,0.0,117.6,19220.8,13789.2,25839.2,35.6,60.8,3.4,0.2,0.0,7.862234427258859
0.75,6.979,18.637,33476.608,227.832,1.82,294.426,12.79,7.6,0.0,1090748.0,4284244.8,139092.0,382653.6,12.8,0.0,64.8,20115.2,14206.2,27766.6,36.6,60.0,3.2,0.4,0.0,7.332614635518764
0.76,6.14,23.18,23777.28,211.88,1.8,273.137,12.62,7.0,0.2,1089724.0,3562742.4,139122.4,378698.4,48.8,0.0,71.2,18685.6,13534.8,24608.8,35.6,60.8,3.2,0.6,0.0,8.752647803647674
0.75,7.452,20.842,31234.048,232.698,2.03,301.632,13.15,7.8,0.2,1089468.0,4956052.0,139137.6,385970.4,20.0,0.0,39.2,21652.0,14986.0,28901.0,39.0,56.6,4.0,0.8,0.0,5.867797486922321
0.75,7.388,22.769,30100.48,231.125,2.04,300.073,12.9,9.0,0.2,1088700.0,5403932.8,139156.0,385018.4,11.2,0.0,28.8,20666.4,15780.8,28915.0,38.2,58.2,3.4,0.4,0.0,6.0044289585128725
0.82,6.973,26.891,20178.944,222.887,1.92,340.122,10.49,9.4,0.4,1088444.0,4553487.2,139204.0,381276.8,52.0,0.0,103.2,20956.8,14648.0,27678.4,38.4,58.0,3.2,0.4,0.0,6.770099527948866
0.74,6.941,22.76,35703.808,223.341,1.88,283.838,12.94,7.6,0.6,1087880.8,5192502.4,139220.0,382851.2,16.0,0.0,39.2,20740.0,14903.4,27917.2,37.2,59.8,2.8,0.4,0.0,7.792833102540015
0.71,6.793,25.715,33063.936,197.103,2.13,262.791,13.17,8.8,0.4,1087420.0,5111498.4,139228.0,386986.4,8.8,0.0,72.8,22649.6,15135.4,28348.0,38.6,58.0,3.4,0.4,0.0,7.212343983925306
0.8,5.436,36.638,16623.616,228.615,1.78,323.673,9.38,9.6,0.2,1415907.2,4295248.0,139236.8,381404.0,9.6,125772.0,54.4,141324.0,13240.0,21489.8,35.2,60.6,3.2,1.0,0.0,8.81188897525563
0.83,7.111,21.577,28380.16,194.859,2.15,362.187,9.49,8.2,0.4,1084768.8,4969326.4,139244.0,385029.6,12.8,0.0,46.4,21184.8,15265.4,28169.4,40.8,55.4,3.2,0.6,0.0,7.56969807123897
0.95,7.257,17.112,20758.528,209.539,2.03,449.962,7.43,7.4,0.0,1084440.8,4829893.6,139262.4,386484.8,32.8,0.0,57.6,21250.4,15905.8,29277.0,42.8,53.4,3.0,0.6,0.0,7.596995591815131
0.96,7.191,19.653,14365.696,207.347,2.0,422.163,7.54,8.2,0.4,1084356.0,5031941.6,139272.0,387287.2,0.0,0.0,75.2,21698.4,15405.8,29632.4,43.6,53.0,3.2,0.4,0.0,7.115521606318609
0.95,6.808,20.087,20033.536,214.448,1.86,405.299,7.84,7.8,0.4,1083932.0,5292975.2,139284.0,383772.8,10.4,0.0,29.6,19821.6,14797.2,27118.6,44.2,51.6,3.6,0.8,0.0,8.21220972766615
0.93,6.101,20.096,15955.968,193.809,1.97,358.667,8.01,7.6,0.0,1083904.0,5610395.2,139288.0,386831.2,8.0,0.0,19.2,16458.4,12255.6,22691.2,46.0,49.6,3.8,0.6,0.0,8.093101292969244
0.88,6.112,17.429,16970.752,191.366,1.92,332.936,8.39,11.0,0.0,1083648.0,5795220.0,139292.8,383517.6,8.0,0.0,59.0,18045.6,14069.2,25088.2,43.6,52.0,3.4,1.0,0.0,8.896124804461444
1.05,7.09,21.353,12576.768,258.015,1.59,491.227,6.4,9.0,0.6,1082009.6,5908660.0,139320.0,396456.8,494.4,0.0,1102.0,19568.0,14737.6,27458.8,44.6,51.2,3.8,0.8,0.0,7.481588704160388
1.09,5.9,25.565,7431.168,248.419,1.46,476.182,5.69,9.8,0.2,1080934.4,5846860.8,139360.8,401936.0,2128.0,0.0,4825.0,16694.4,12618.6,23058.2,44.0,51.8,3.4,0.6,0.0,9.804843100315226
0.96,6.671,21.03,9600.0,240.453,1.73,415.713,7.15,10.2,0.0,1102789.6,6175877.6,139400.0,432428.8,516.8,28542.4,588.0,47198.4,14809.4,26063.4,37.4,56.4,5.0,1.6,0.0,7.008533332949487
1.0,6.817,18.259,14796.8,300.121,1.41,369.929,8.42,9.0,0.0,1071920.8,6353577.6,139400.0,432568.0,5.6,26214.4,44.8,46160.8,16075.2,27413.6,40.2,55.4,4.2,0.8,0.0,7.4351537907981395
0.54,7.95,17.157,1078.272,179.424,2.56,239.886,12.31,7.8,0.0,1060184.0,6543896.0,139400.0,435995.2,7.2,35.2,30.4,25987.2,17700.8,31611.0,50.0,46.0,3.6,0.4,0.0,6.00975733941632
0.68,5.986,27.133,34242.56,218.296,1.85,289.814,12.13,8.0,0.2,1175463.2,595660.0,75629.6,339825.6,88.8,69990.4,864.8,87826.4,15836.4,22719.4,30.2,65.0,3.2,1.4,0.0,7.76878848594705
0.67,6.197,30.832,37475.328,212.345,1.93,279.906,12.89,10.0,0.4,1118879.2,682476.8,48215.2,269607.2,250.4,43262.4,3824.4,62365.6,15414.4,23740.6,29.6,66.0,3.2,1.4,0.0,8.073328321105219
0.71,7.16,26.254,35304.448,234.099,1.83,310.728,13.46,7.4,0.0,1135392.8,1763012.8,79550.4,341475.2,237.6,48.0,3464.6,23297.6,15443.2,28363.0,32.2,62.0,4.8,1.0,0.0,6.265591429069623
0.75,6.554,24.856,32765.952,230.155,2.21,306.929,12.01,7.8,0.2,1130016.8,2644360.0,113316.8,348048.8,503.2,0.0,1955.8,21576.0,14204.6,26441.4,28.8,66.8,3.8,0.6,0.0,6.926307226714031
0.74,7.394,26.356,39557.12,234.407,1.77,303.701,12.89,9.0,0.6,1115578.4,3542821.6,128462.4,372271.2,5092.0,0.0,5195.0,23952.0,15929.8,29391.0,31.0,64.2,4.2,0.8,0.0,6.654961127684463
0.73,7.384,24.732,34863.104,226.656,1.96,296.62,12.76,9.6,0.4,1096327.2,2839420.8,134433.6,373310.4,1147.2,0.0,1188.8,23581.6,14336.2,29191.6,32.4,62.6,4.4,0.6,0.0,5.617777432027887
0.72,6.642,24.104,36905.984,209.762,1.91,274.0,13.2,8.2,0.4,1095252.0,3288662.4,136534.4,387451.2,76.8,0.0,1571.8,22731.2,13888.6,26502.8,30.6,64.0,5.0,0.8,0.0,7.942348007181911
0.69,6.859,20.147,30379.008,202.018,1.96,266.235,13.18,7.4,0.4,1094228.0,3468799.2,137360.0,384780.0,107.2,0.0,148.0,22204.0,15296.2,27822.4,32.4,62.0,4.8,1.0,0.0,6.919043561854027
0.59,5.513,21.053,40603.648,150.398,2.17,194.279,17.14,9.0,0.4,1093892.0,3546647.2,137700.8,386680.8,38.4,0.0,77.6,17712.0,10984.8,19876.8,31.4,64.4,3.8,0.6,0.0,8.093131537701275
0.71,7.669,21.776,35934.208,219.421,1.97,284.116,13.1,7.0,0.2,1093156.0,4312206.4,137915.2,389322.4,14.4,0.0,32.0,22371.2,16606.6,31104.8,32.2,61.2,5.4,1.4,0.0,6.102119311917713
0.73,7.446,22.316,35665.92,236.741,1.91,301.703,12.9,7.0,0.2,1090133.6,5068636.8,138011.2,387354.4,43.2,0.0,115.2,24766.4,15327.0,29258.6,33.4,60.8,5.2,0.8,0.0,5.879811445871989
0.72,8.062,24.772,33111.04,218.777,2.1,288.429,12.95,6.8,0.4,1089836.8,4888767.2,138048.8,393606.4,36.8,0.0,65.6,24800.8,16178.6,31070.0,35.0,58.2,5.8,1.2,0.0,5.506726579928618
0.71,7.121,26.641,34427.904,210.13,2.02,270.603,13.3,8.2,0.2,1089602.4,5281020.0,138060.8,394618.4,112.0,0.0,161.6,21200.0,15000.4,28424.2,33.2,61.8,4.6,0.6,0.0,6.142242171991323
0.71,7.45,23.374,37452.8,216.986,2.03,281.031,12.62,5.8,0.6,1088615.2,5354404.8,138091.2,390434.4,12.0,0.0,67.2,23648.8,15755.0,28895.8,33.2,62.0,4.4,0.6,0.0,6.032831951885876
0.74,5.7,33.652,15597.568,235.897,1.84,300.004,10.45,9.4,0.4,1438212.8,4310750.4,138100.8,389925.6,1.6,142660.0,16.0,161368.8,14269.4,23673.0,32.8,61.6,4.6,1.4,0.0,6.472191340486768
0.95,7.859,30.563,27779.072,197.776,2.32,516.118,7.02,8.2,0.4,1087758.4,3828205.6,138121.6,393037.6,77.6,0.0,105.6,25733.6,16543.2,31574.6,39.6,55.0,4.6,0.6,0.0,5.641991258563851
0.88,7.725,34.269,30582.784,191.871,2.37,447.183,8.12,7.6,0.2,1087487.2,4340726.4,138132.0,391875.2,12.0,0.0,44.8,26487.2,16173.2,30608.6,37.4,57.6,4.6,0.8,0.0,5.630005144044114
0.91,7.267,34.411,28812.288,179.337,2.29,442.731,7.47,6.4,0.6,1087004.0,4520352.0,138135.2,395776.0,51.2,0.0,95.2,23776.0,15466.6,28674.0,40.8,54.8,4.0,0.6,0.0,6.5150175405585244
0.91,7.258,42.159,23100.416,180.356,2.33,428.18,7.38,6.2,0.4,1086668.8,4507641.6,138151.2,399641.6,10.4,0.0,60.0,25666.4,15750.0,29800.8,38.4,56.0,4.8,0.6,0.0,6.110067037360974
0.94,7.493,33.551,24714.24,206.111,2.16,442.887,7.4,8.6,0.2,1085535.2,4759104.8,138469.6,420731.2,13.6,0.0,39.2,24960.8,14786.6,29707.4,42.6,52.4,4.6,0.6,0.0,5.758596084990487
0.53,2.685,25.04,15411.2,85.454,2.3,113.452,14.44,10.8,0.4,1085237.6,5370925.6,138500.0,410648.0,8.8,0.0,26.4,6119.2,4703.4,8001.2,38.2,57.8,2.8,1.0,0.0,15.180791178836095
0.93,6.627,16.279,15203.328,199.439,1.94,383.304,7.49,9.6,0.2,1081464.0,5086808.0,138508.0,419111.2,1.6,0.0,27.2,20968.0,14005.2,25661.0,41.6,51.8,5.8,0.8,0.0,7.493572533130646
0.87,6.096,15.231,13575.168,230.507,1.75,345.622,8.25,7.0,0.6,1434661.6,5550160.0,138648.8,419702.4,10.4,136987.2,20.8,156944.0,14826.8,25434.6,32.2,59.8,6.0,1.8,0.0,7.60086679639925
1.05,7.301,16.944,15493.12,241.14,1.68,462.703,6.46,7.8,0.0,1072112.0,5744831.2,138652.0,420856.8,14.4,0.0,60.8,24287.2,15205.4,29272.8,38.4,55.0,6.0,0.6,0.0,6.419794717743769
1.11,7.058,17.218,11557.888,267.355,1.47,510.641,5.72,7.6,0.0,1071856.0,5758364.0,138657.6,417572.8,1.6,0.0,72.4,24447.2,14440.6,28687.0,36.8,56.0,6.2,0.4,0.0,6.96765835265758
1.15,6.421,17.812,8830.976,271.379,1.38,544.586,5.3,8.0,0.2,1071856.0,5884098.4,138670.4,418189.6,8.0,0.0,49.6,21796.0,14713.4,26657.4,44.6,49.2,5.0,1.2,0.0,7.719323748633975
1.04,2.307,21.988,2156.544,126.408,1.35,263.827,4.72,12.2,1.2,1071241.6,6087232.0,138820.8,415661.6,489.6,0.0,1108.0,8845.6,6252.4,11225.0,47.2,45.8,5.4,2.2,0.0,21.586288651116465
1.02,6.687,19.84,12564.48,290.435,1.37,379.695,7.41,5.4,0.4,1071088.0,6361403.2,138828.0,421832.0,6.4,0.0,36.0,22380.0,15679.2,27580.6,40.2,54.0,5.0,0.8,0.0,6.868923925725318
0.48,5.952,15.827,1203.2,128.432,2.78,171.942,12.47,8.2,0.0,1071600.0,6594912.0,138828.0,423839.2,35.2,28.0,61.6,21388.0,14316.6,25793.0,46.8,47.2,5.8,0.8,0.0,7.962911410793999
0.38,1.722,24.267,10804.224,66.051,2.05,77.864,18.75,10.2,0.4,1071088.0,1490514.4,138828.0,419455.2,11.2,0.0,21.6,6357.6,4557.0,7717.2,34.2,58.6,5.8,1.2,0.0,34.045885118205895
0.33,0.60141015625,21.938,7547.904,34.379,1.86,42.971,13.91,14.8,1.8,1070780.8,6302917.6,138828.0,398558.4,54.4,0.0,148.8,2445.6,2142.8,3139.4,30.8,65.4,1.4,2.2,0.0,61.56946688282246
0.64,6.411,17.386,38175.744,190.416,1.87,252.054,13.46,6.6,0.6,1123985.6,1098032.0,54540.0,329680.8,348.8,12200.0,6811.2,31727.2,14577.8,25443.6,23.6,66.4,7.6,2.8,0.0,6.830156732992001
0.62,2.439,12.947,18507.776,78.147,2.18,99.067,13.87,14.0,0.4,1119932.8,3745728.8,101192.8,347910.4,168.0,0.0,1120.0,12665.6,8006.6,14737.2,25.6,58.0,11.6,5.4,0.0,21.740136435999275
0.63,6.874,14.155,36554.752,185.206,2.02,245.822,13.59,6.6,0.2,1111263.2,2455446.4,113880.8,365338.4,948.8,0.0,3010.8,20319.2,13618.6,25839.0,23.4,65.0,9.8,2.0,0.0,5.858715499683836
0.63,7.672,14.654,42155.008,203.701,2.11,268.461,13.65,5.2,0.0,1096617.6,3382779.2,128078.4,372321.6,236.0,0.0,257.6,23811.2,15714.6,31343.8,24.8,66.4,8.4,1.2,0.0,5.413225134321452
0.64,4.588,14.024,18629.632,130.207,2.08,167.991,13.25,6.8,0.4,1095622.4,4261959.2,133053.6,375787.2,2673.6,0.0,4225.6,18465.6,13804.6,25351.8,28.6,63.2,6.8,1.8,0.0,9.568191213567436
0.65,5.112,10.884,29497.344,139.724,2.05,187.289,13.54,13.8,0.2,1094342.4,4040183.2,134808.0,381683.2,72.8,0.0,96.8,21013.6,14311.8,27443.6,23.6,63.0,11.4,1.8,0.0,7.527360284184835
0.29,1.034,20.843,11885.568,41.033,2.1,50.09,15.56,12.0,0.8,1093830.4,5362734.4,135163.2,359272.0,60.8,0.0,323.2,1884.8,1716.2,2749.8,31.8,57.6,5.8,4.4,0.0,54.825881071258
0.48,4.904,17.151,42668.032,131.919,2.24,169.502,17.85,6.4,0.6,1093420.8,3092214.4,135588.8,379532.8,159.2,0.0,198.4,16463.2,10754.0,20077.8,23.4,69.2,6.6,0.8,0.0,9.592186737060548
0.64,6.763,14.069,23922.688,183.339,2.12,242.734,12.83,5.4,0.0,1092908.8,4036361.6,136633.6,385932.0,11.2,0.0,42.4,19949.6,14323.4,25957.8,25.6,65.0,7.8,1.6,0.0,5.725159002921643
0.62,6.844,14.319,35822.592,175.474,2.16,231.217,13.6,6.0,0.0,1092448.0,5116230.4,136957.6,387634.4,21.6,0.0,79.2,20602.4,13966.0,27226.4,27.0,63.6,8.0,1.6,0.0,5.966055571143307
0.62,7.311,15.898,41129.984,184.828,2.16,237.248,14.02,6.6,0.2,1091936.0,5262844.8,137072.0,387913.6,28.8,0.0,87.2,22489.6,14799.8,27683.6,29.8,61.8,7.6,1.2,0.0,5.327548344930013
0.63,7.614,15.024,40961.024,176.956,2.27,250.504,13.19,6.8,0.0,1091680.0,5041439.2,137281.6,388408.8,33.6,0.0,61.6,19639.2,16117.4,30459.8,28.4,60.6,9.2,1.8,0.0,5.3635099919409575
0.62,7.526,12.943,40415.232,177.368,2.41,251.043,13.09,7.2,0.0,1075854.4,5019789.6,137322.4,389025.6,80.8,0.0,102.4,22633.6,16412.4,30583.2,28.2,61.6,9.2,1.4,0.0,5.133859112731412
0.81,6.185,17.694,12900.352,191.345,2.16,371.95,7.06,8.0,0.0,1549967.2,3569691.2,137359.2,393423.2,10.4,151714.4,57.6,169731.2,13855.0,24423.4,30.0,59.8,8.0,2.6,0.0,5.761854701266623
0.75,6.876,14.9,31251.456,138.828,2.67,334.583,8.37,6.0,0.4,1075363.2,4552392.8,137439.2,390291.2,108.8,0.0,299.2,21392.0,14489.8,26937.0,31.2,59.0,7.8,1.8,0.0,6.02856296408824
0.76,6.521,18.042,16505.856,144.434,2.64,311.514,8.39,7.6,0.6,1075023.2,4709856.8,137700.0,395112.8,4.0,0.0,50.4,20198.4,14295.8,26347.6,32.0,59.2,7.8,1.2,0.0,5.467066464906622
0.9,7.358,14.175,28820.48,183.584,2.18,430.128,6.99,6.4,0.0,1074248.8,4719153.6,137704.0,398547.2,95.2,0.0,183.2,24312.0,16278.8,30603.6,33.6,56.8,8.6,1.6,0.0,5.747144539998567
0.93,7.326,14.282,17697.792,185.929,2.18,409.146,6.78,8.0,0.6,1073810.4,4709094.4,137728.0,398675.2,17.6,0.0,72.0,24743.2,16209.8,31359.0,31.2,58.8,9.0,1.2,0.0,5.609093702653505
0.9,5.658,15.145,20322.304,152.426,2.15,347.734,6.8,5.8,0.2,1073723.2,5279460.0,137728.8,397550.4,4.8,0.0,56.8,18415.2,12162.2,22708.4,35.6,54.8,8.4,2.0,0.0,7.113288813702002
1.02,7.212,13.025,22913.024,219.575,1.77,452.402,6.26,7.6,0.2,1073492.0,5352481.6,137732.0,400697.6,19.2,0.0,52.8,22571.2,15086.4,28166.0,34.0,57.0,8.2,1.4,0.0,5.390840897457205
0.74,6.207,19.113,8249.344,202.542,2.14,324.352,7.81,5.8,0.4,1537623.2,5334221.6,138417.6,401295.2,627.2,168089.6,1860.0,184575.2,14982.8,24511.6,24.6,65.2,8.6,1.8,0.0,5.302426034370354
1.18,7.07,16.32,13270.016,274.647,1.39,573.702,4.75,7.6,0.2,1070868.0,5444496.8,138431.2,403258.4,100.0,0.0,135.2,20500.8,14567.6,27204.8,39.4,50.8,8.6,1.4,0.0,5.551311263331661
1.17,8.105,11.575,15963.136,286.851,1.5,611.827,4.96,6.4,0.0,1132996.0,5808336.0,138455.2,401382.4,11.2,28059.2,33.6,53428.8,16486.4,31723.8,33.8,57.2,8.0,1.4,0.0,4.935372709737393
1.07,7.171,17.761,6219.776,252.776,1.68,524.437,5.09,7.6,0.4,1147381.6,5919060.0,138458.4,407529.6,4.0,53847.2,23.2,74621.6,16226.8,28585.4,36.6,51.8,9.6,2.2,0.0,5.1717916575868745
1.01,7.07,20.452,16618.496,272.789,1.49,452.621,6.28,6.6,0.4,1103581.6,6317661.6,138479.2,404720.0,6.4,52428.8,14.4,73329.6,15545.4,26650.8,33.6,55.6,8.6,2.0,0.0,5.762470685518704
1.06,7.808,14.189,21490.688,305.828,1.36,417.265,7.04,5.6,0.2,1069540.0,6444829.6,138497.6,408064.8,0.0,0.0,48.8,25086.4,15876.6,30477.8,35.6,54.8,8.4,1.6,0.0,5.130784968807273
0.37,8.61,12.655,1099.776,129.068,3.43,177.691,12.86,6.2,0.4,1069540.0,6633731.2,138512.8,405841.6,2.4,32.0,48.8,25772.8,17601.8,34319.0,43.0,46.8,9.2,1.6,0.0,4.638821717017207
0.55,8.442,12.726,53051.392,175.282,2.46,229.89,15.88,5.6,0.4,1069284.0,3834785.6,138532.0,403676.8,3.2,0.0,24.8,24186.4,17091.2,34110.6,21.2,67.6,9.2,1.8,0.0,4.237404813193601
0.57,6.45,26.072,27938.816,171.242,2.2,239.166,11.89,7.6,0.8,1165951.2,1599832.0,33512.8,269548.0,13479.2,45909.6,20609.8,62067.2,15773.8,24410.4,15.4,72.6,6.8,5.2,0.0,7.461577764949443
0.54,7.848,14.028,48030.72,162.105,2.37,213.326,15.69,5.0,1.0,1104263.2,4290409.6,80751.2,357553.6,4281.6,0.0,6907.2,21855.2,15426.4,29835.0,22.8,65.6,9.0,3.0,0.0,4.994942744572958
0.61,7.92,17.32,40334.336,193.793,2.11,258.554,13.44,5.8,0.8,1093204.0,5112586.4,117369.6,360834.4,40.8,0.0,70.4,25812.0,15438.6,30609.4,20.0,70.2,9.0,1.0,0.0,4.938799854168676
0.53,7.54,23.723,36977.664,173.622,2.56,227.916,14.47,5.0,0.6,1192316.0,1943828.0,131416.8,362446.4,14.4,68858.4,44.8,89600.0,16284.4,30888.0,20.6,68.6,8.4,2.4,0.0,4.372665953410098
0.59,6.614,23.893,32120.832,184.374,2.1,240.973,12.97,5.2,0.2,1236631.2,2212860.8,135959.2,364381.6,21.6,86515.2,78.8,103318.4,14777.4,25876.4,18.8,68.0,10.0,3.4,0.0,5.426068543309
0.59,8.406,16.155,49082.368,187.292,2.28,248.231,14.63,6.8,0.2,1069117.6,4556592.0,138243.2,368028.0,38.4,0.0,341.4,22036.8,16882.2,32966.8,23.2,66.8,8.4,1.6,0.0,4.223013697080498
0.58,8.202,24.65,53622.784,187.913,2.31,246.929,14.06,8.0,0.0,1068794.4,4442924.0,139304.8,368878.4,68.0,0.0,94.4,27008.0,17035.6,34484.0,25.4,66.2,7.0,1.6,0.0,4.391518680930487
0.84,7.912,27.06,23100.416,154.828,2.63,405.072,7.37,5.4,0.0,1068702.4,3211144.0,139703.2,367879.2,8.0,0.0,64.0,21798.4,15639.0,30480.4,32.6,58.6,7.6,1.2,0.0,4.440315034654406
0.66,8.596,13.906,45368.32,163.801,2.77,314.145,11.03,7.2,0.2,1068388.0,4095232.8,139858.4,365152.8,14.4,0.0,58.4,25089.6,17378.8,33765.0,25.0,64.6,8.2,2.0,0.0,3.8806558812706218
0.74,8.274,17.861,26291.2,159.419,2.7,352.25,9.06,7.2,0.4,1068008.0,3349908.8,139927.2,367216.8,14.4,0.0,41.6,24402.4,16992.6,34090.6,30.6,60.2,7.2,1.8,0.0,4.240614352840009
0.64,8.61,14.116,46327.808,156.114,2.84,307.683,10.9,7.4,0.2,1067896.0,4286792.8,140395.2,374052.0,0.0,0.0,31.2,25036.0,17786.8,34452.8,23.4,64.6,10.0,2.0,0.0,4.023995175457641
0.71,8.454,14.85,43365.376,142.342,2.96,362.119,8.92,6.0,0.2,1067581.6,4011744.0,140431.2,372600.8,35.2,0.0,74.4,25908.0,17758.0,33452.8,23.2,65.4,9.6,1.6,0.0,4.4867292849603535
0.54,5.952,23.647,32066.56,136.153,2.41,179.991,14.69,3.8,0.4,1067284.8,5440702.4,140452.0,367571.2,8.0,0.0,51.2,18590.4,12616.8,23445.6,24.0,66.6,7.6,1.8,0.0,6.773459965287291
0.61,8.185,12.307,40178.688,158.872,2.46,257.401,11.73,5.8,0.0,1066936.0,5101968.8,140467.2,371411.2,0.8,0.0,35.2,20322.4,15270.4,30875.6,23.0,66.6,8.4,2.2,0.0,4.9077855779769575
0.93,8.495,14.731,31351.808,174.666,2.5,487.294,6.19,7.6,0.2,1066832.0,4187112.8,140484.0,376562.4,20.0,0.0,60.0,24868.0,16994.0,33300.0,32.4,56.0,9.6,2.2,0.0,4.156575123579261
0.94,8.424,12.692,31041.536,184.637,2.28,470.864,6.23,5.8,0.0,1066526.4,4447972.8,140504.8,373797.6,7.2,0.0,25.6,24726.4,17105.4,33390.6,30.6,58.4,9.8,1.8,0.0,4.359776236794212
0.82,6.147,16.255,12775.424,212.377,1.84,380.907,6.55,8.2,0.4,1825876.8,4060972.8,140516.8,369992.0,6.4,190903.2,35.2,209000.8,14153.8,24989.0,20.8,69.4,7.8,2.4,0.0,5.430993826492974
0.97,8.319,17.05,38042.624,229.129,1.85,462.906,6.92,6.0,0.0,1064408.8,5126745.6,140587.2,374412.0,10.4,0.0,59.2,25664.0,16472.2,32295.6,30.8,59.4,8.6,1.4,0.0,4.411064762679684
0.96,7.094,19.012,17639.424,211.04,1.87,463.157,5.61,5.6,1.2,1208667.2,4785860.8,140607.2,374735.2,8.8,86926.4,55.2,104844.0,15953.6,28348.0,28.0,60.2,9.6,2.4,0.0,5.428831646407859
1.16,8.195,17.517,23787.52,275.235,1.44,599.954,4.91,5.0,0.0,1059388.0,5302162.4,140624.0,375805.6,11.2,0.0,33.6,25664.0,17600.2,33095.4,33.4,55.2,9.4,1.8,0.0,4.5577928174394815
0.96,7.28,25.886,23851.008,239.244,1.76,475.18,6.0,5.2,0.0,1339868.8,5298811.2,140624.0,375618.4,2.4,111809.6,44.0,133885.6,14667.8,27935.2,23.4,67.8,7.4,1.6,0.0,4.723916192802507
1.06,6.593,19.269,12728.32,273.153,1.37,495.01,5.1,5.6,0.0,1398625.6,5238430.4,140633.6,376364.0,5.6,153882.4,25.6,172184.8,14756.4,24679.4,27.6,60.2,8.8,3.2,0.0,5.425285537857815
1.44,8.075,23.772,3761.152,321.956,1.25,808.629,3.25,6.6,0.2,1059944.0,5322832.0,140648.0,376674.4,4.8,0.0,17.6,25792.8,17409.6,32628.8,36.6,53.6,8.4,1.4,0.0,4.433200237576297
1.29,7.362,22.861,13039.616,285.947,1.36,683.696,3.87,7.8,0.0,1059688.0,5571642.4,140648.0,376330.4,0.0,0.0,20.0,20555.2,15011.8,28792.8,40.8,49.8,7.6,1.8,0.0,4.677300896149515
1.18,7.676,44.092,26304.512,373.821,1.21,542.132,5.72,7.8,0.2,1059688.0,5965806.4,140656.0,373140.0,49.6,0.0,76.0,26508.0,14795.6,30029.2,31.4,63.0,5.6,0.0,0.0,3.813257508420368
0.9,6.157,30.44,20276.224,258.992,1.39,274.81,8.52,6.4,0.0,1133404.8,6274977.6,140672.0,374698.4,72.8,52428.8,88.0,69908.8,13716.4,23763.0,24.2,62.6,10.8,2.6,0.0,5.8182890732003925
0.9,7.059,18.01,18230.272,229.191,1.63,376.421,6.51,5.6,0.0,1058588.0,6450784.0,140693.6,378220.8,5.6,0.0,24.8,23330.4,14128.8,28844.4,32.4,56.8,10.0,1.2,0.0,5.523862487160116
0.26,8.69,15.634,1027.072,106.486,4.12,154.106,12.92,6.0,0.6,1059100.0,6629675.2,140696.0,380022.4,0.0,52.8,21.6,23792.0,18233.2,35922.6,42.4,46.8,8.8,2.0,0.0,4.082110075824028
