r (procs),b (procs),Swap (KB),Free (KB),Buffers (KB),Cached (KB),si (KB/s),so (KB/s),bi (blocks/s),bo (blocks/s),in (interrupts/s),cs (context switches/s),us (%),sy (%),id (%),wa (%),st (%)
7.8,0.8,1079510.4,450922.4,73652.0,988908.8,20.0,115769.6,28.0,131568.0,14250.4,21678.4,31.4,64.4,2.4,1.8,0.0
8.2,0.2,840396.0,2442668.0,54601.6,921467.2,120.8,0.0,783.2,12804.0,9293.6,16775.0,35.0,61.4,3.2,0.6,0.0
11.2,0.0,957638.4,1602553.6,35332.0,411594.4,76.8,0.0,4916.8,10714.4,7656.6,13292.6,41.8,55.0,3.0,0.6,0.0
8.0,0.0,980576.0,3501177.6,49303.2,393835.2,3248.0,0.0,5413.6,12181.6,9567.4,16873.8,35.2,60.8,3.4,1.0,0.0
10.4,1.0,976784.8,3335222.4,92075.2,404136.0,78.4,0.0,101.6,12980.0,10206.4,17762.8,36.0,60.0,3.6,0.6,0.0
11.0,0.4,976252.8,3059136.8,113020.8,405505.6,96.8,0.0,110.4,11888.8,8984.4,15656.2,36.0,59.8,3.4,0.6,0.0
10.2,0.2,975377.6,3669924.0,124124.8,405076.0,22.4,0.0,70.4,11502.4,8051.0,14354.2,34.6,62.0,3.2,0.6,0.0
10.8,0.2,975296.0,3749226.4,131192.0,403678.4,36.0,0.0,203.2,11580.8,8485.0,14858.6,36.8,59.8,3.0,0.8,0.0
9.4,0.0,974896.0,3085096.8,134584.8,416443.2,421.6,0.0,1601.2,10940.8,8422.8,14638.0,38.2,58.2,2.8,1.0,0.0
8.8,0.2,974660.0,3185111.2,137044.0,421234.4,12.0,0.0,12.0,12381.6,9394.4,16541.8,38.4,58.4,2.6,0.6,0.0
9.2,0.2,974336.0,3100920.0,138456.8,419480.8,49.6,0.0,52.0,12359.2,9114.8,15780.2,37.4,60.2,2.2,0.2,0.0
11.2,0.4,974716.0,3732580.8,139108.8,421759.2,8.0,0.0,8.0,11754.4,8580.0,14853.0,40.0,57.6,1.8,0.4,0.0
8.8,0.0,974460.0,3142917.6,139592.8,421136.8,49.6,0.0,63.2,11588.8,8219.2,14753.6,39.4,58.8,1.4,0.2,0.0
8.4,0.4,974204.0,3689266.4,139872.8,423663.2,27.2,0.0,27.2,12072.0,8658.8,15599.2,38.8,59.4,2.0,0.4,0.0
8.4,0.2,973436.0,3668419.2,140199.2,422575.2,16.0,0.0,16.8,12100.0,8535.6,15149.2,40.4,56.2,3.2,0.6,0.0
8.8,0.4,994772.0,3517148.8,140307.2,423083.2,3.2,20096.0,51.2,30930.4,7519.4,12977.0,40.2,56.8,2.6,0.6,0.0
8.0,1.4,963684.8,3989469.6,140348.0,428905.6,4.8,26772.8,4.8,38160.0,8345.6,14710.4,40.8,56.6,2.4,0.4,0.0
10.2,0.2,934904.0,4631293.6,140412.0,427855.2,11.2,0.0,11.2,11954.4,8126.2,15072.4,38.6,58.8,2.4,0.2,0.0
10.4,0.2,934623.2,4861484.8,140442.4,431717.6,24.0,0.0,37.6,11594.4,8373.0,14960.6,38.8,58.2,2.8,0.8,0.0
8.0,0.6,934421.6,4870417.6,140460.8,429672.8,74.4,0.0,76.0,10908.0,7819.8,13607.4,40.4,56.0,3.0,0.4,0.0
9.0,0.4,934226.4,5393788.0,140499.2,431852.0,25.6,0.0,54.4,12299.2,9353.0,16149.4,41.2,55.4,2.8,0.8,0.0
7.8,0.2,933905.6,5726116.0,140923.2,426297.6,12.8,0.0,13.6,11895.2,8563.2,15178.2,42.0,55.0,2.6,0.4,0.0
10.2,0.0,1175352.8,5355238.4,140932.0,433078.4,17.6,73636.8,24.8,83474.4,7967.8,12434.4,35.2,61.6,2.6,0.6,0.0
9.4,0.4,926344.0,5595509.6,140940.0,433834.4,8.0,0.0,8.0,10851.2,8115.6,14009.4,43.4,53.6,3.0,0.6,0.0
9.2,0.2,1197894.4,5598750.4,140942.4,434433.6,8.0,69940.0,8.0,80052.8,8735.2,13693.6,36.8,59.0,3.4,1.0,0.0
9.8,0.4,1073296.0,5833144.0,140944.0,436340.8,6.4,57564.0,6.4,68368.8,8230.4,13220.0,41.2,55.0,3.0,0.8,0.0
9.6,0.0,925364.0,5986697.6,140953.6,438349.6,0.8,0.0,0.8,11513.6,8142.8,13885.4,48.6,47.2,3.6,1.0,0.0
10.4,0.4,925312.8,6322584.0,140960.0,438154.4,12.8,0.0,12.8,11762.4,8516.6,14530.0,44.4,52.4,3.0,0.8,0.0
9.8,0.2,925108.0,6488504.0,140964.0,434325.6,11.2,17.6,11.2,12751.2,9212.2,16260.0,52.4,44.0,3.0,0.4,0.0
9.6,0.0,925364.0,3353462.4,140984.0,435562.4,11.2,0.0,11.2,12916.8,9349.6,16962.6,33.0,62.6,3.8,0.4,0.0
8.0,0.0,940144.0,3481298.4,40727.2,424380.0,22.4,0.0,1440.0,11700.8,8527.8,15181.6,32.6,62.8,3.6,0.8,0.0
8.8,0.4,1003640.8,2978398.4,50412.8,360957.6,192.8,0.0,5629.6,11785.6,8640.0,15563.0,31.0,64.2,4.2,1.2,0.0
7.0,0.4,1039287.2,3576802.4,52000.0,389112.0,2366.4,0.0,13794.0,10991.2,8624.0,14754.2,29.4,67.0,2.4,1.6,0.0
10.6,0.0,1034140.0,3632350.4,90920.0,413952.8,188.8,0.0,584.2,11532.8,8914.8,15633.0,30.8,64.4,4.0,0.8,0.0
9.0,0.2,1033168.0,3481890.4,110478.4,415652.0,24.8,0.0,39.2,11788.0,8215.6,14318.2,32.6,64.0,3.2,0.8,0.0
9.8,0.0,1032235.2,3167938.4,122823.2,425461.6,1847.2,0.0,3332.2,11399.2,8637.6,15168.6,33.4,62.0,3.8,1.0,0.0
11.6,0.2,1031468.8,3234815.2,129985.6,426137.6,43.2,0.0,43.2,11075.2,8458.2,14675.4,37.0,58.4,4.0,0.6,0.0
9.6,0.2,1031044.0,2589341.6,134052.8,426436.0,42.4,0.0,52.0,12232.0,9048.0,16214.2,34.0,61.6,4.0,0.6,0.0
8.0,0.0,999985.6,3699146.4,136620.8,425436.8,20.8,0.0,24.0,11543.2,8597.4,14902.4,35.0,59.6,4.2,1.0,0.0
6.6,0.0,999822.4,3227747.2,138134.4,423134.4,38.4,0.0,127.2,12230.4,8742.2,16118.6,32.4,61.6,5.2,1.0,0.0
8.8,0.4,999607.2,2855662.4,139056.8,427945.6,19.2,0.0,93.2,11668.0,8946.8,15526.6,37.2,58.2,3.8,0.6,0.0
6.4,0.6,999378.4,3571648.8,139683.2,421060.8,17.6,0.0,45.6,12559.2,8945.4,16264.0,31.6,63.2,5.0,0.6,0.0
9.4,0.6,999178.4,3383928.0,139960.8,425212.0,15.2,0.0,15.2,10190.4,7526.4,12927.6,35.0,61.2,3.4,0.6,0.0
10.4,0.0,998138.4,4723676.8,140151.2,427871.2,25.6,0.0,51.2,11220.8,8418.0,14717.8,35.8,59.8,3.8,0.8,0.0
8.4,0.0,998048.0,4830377.6,140267.2,432412.8,9.6,0.0,9.6,12486.4,8876.8,16008.0,37.6,58.6,3.2,0.8,0.0
10.4,0.2,994221.6,4786377.6,140367.2,427520.8,15.2,0.0,15.2,12413.6,8552.0,15101.2,34.6,62.0,3.4,0.4,0.0
9.2,0.2,994068.0,5036845.6,140435.2,428483.2,18.4,0.0,19.2,12524.8,8463.8,15413.4,35.2,60.8,3.6,0.6,0.0
10.8,0.2,994576.0,5641672.0,140462.4,428716.0,6.4,0.0,7.2,9832.8,6879.2,12077.4,37.2,59.4,3.0,0.4,0.0
6.6,0.0,994320.0,5595024.8,140498.4,434382.4,14.4,0.0,14.4,12224.0,9598.8,16886.6,36.4,58.6,4.4,1.0,0.0
8.0,0.4,994320.0,5480646.4,140527.2,438606.4,12.8,0.0,12.8,12739.2,9218.2,16486.4,36.8,58.0,4.4,0.8,0.0
10.0,0.4,1184063.2,5285769.6,140541.6,441819.2,17.6,60008.0,17.6,69573.6,8037.6,12306.4,34.8,60.2,3.8,1.4,0.0
7.0,0.2,993816.0,5571251.2,140564.0,438224.8,6.4,0.0,7.2,11833.6,9146.4,15757.4,38.6,57.0,3.8,0.6,0.0
8.6,0.4,993560.0,5663548.8,140575.2,438725.6,20.0,0.0,20.0,11433.6,8703.2,15327.2,40.8,55.0,3.8,0.8,0.0
8.0,0.0,993304.0,5802344.0,140591.2,440266.4,15.2,0.0,16.0,12544.0,9285.8,16236.2,40.8,54.6,4.2,1.0,0.0
7.8,1.0,992792.0,5992781.6,140604.0,441804.0,1.6,0.0,20.0,11820.8,8928.4,15462.6,42.6,52.2,4.4,1.0,0.0
8.2,0.8,1168815.2,6127548.8,140616.8,436746.4,9.6,68308.8,9.6,76683.2,7102.4,10766.2,35.2,59.8,3.8,1.6,0.0
8.8,0.0,992008.0,6288928.8,140627.2,440456.0,5.6,0.0,5.6,11923.2,8646.4,15595.0,43.8,50.8,4.8,0.8,0.0
9.0,0.2,992216.8,6489063.2,140640.0,452484.0,8.0,17.6,24.8,12461.6,9665.0,16879.0,50.6,45.2,3.8,0.6,0.0
6.6,0.6,992012.0,2060068.0,140640.8,443964.8,3.2,0.0,3.2,11473.6,8718.6,15764.0,24.2,69.6,5.4,1.0,0.0
8.0,0.2,1013008.0,2656648.0,47541.6,411498.4,5.6,0.0,1083.2,11367.2,8899.2,15773.2,24.6,68.2,5.4,1.6,0.0
8.0,0.2,1056252.0,2393380.0,54351.2,363145.6,76.0,0.0,4610.4,9979.2,7373.8,13027.0,31.6,61.4,6.2,1.4,0.0
7.0,0.6,1083346.4,2875100.0,45209.6,343011.2,4468.8,0.0,5568.0,11813.6,9037.2,16135.2,23.0,69.8,5.2,2.2,0.0
7.4,0.2,1082732.0,2359728.0,85124.8,345332.0,19.2,0.0,61.6,10541.6,7630.8,13500.2,30.4,63.4,5.2,1.0,0.0
9.4,0.0,1082220.0,2689994.4,102848.0,347016.0,34.4,0.0,85.6,11380.8,8816.8,15717.2,25.8,67.4,6.0,1.0,0.0
7.2,0.0,1081605.6,3420636.0,116116.0,346098.4,104.8,0.0,104.8,10199.2,7252.6,12851.6,31.6,63.6,4.4,0.8,0.0
10.2,0.0,1038400.0,2430644.0,125492.0,353832.8,93.6,0.0,132.8,11624.8,8430.2,15401.0,28.2,64.4,6.6,1.0,0.0
7.2,0.4,1038153.6,2487231.2,130082.4,353010.4,42.4,0.0,59.2,11947.2,9390.6,17144.0,27.6,64.8,6.4,1.2,0.0
7.8,0.0,1038076.0,2414080.8,133045.6,353938.4,27.2,0.0,59.2,11115.2,8814.8,15724.6,30.0,63.4,5.6,1.2,0.0
6.6,0.8,1038076.0,3097550.4,134301.6,351681.6,0.0,0.0,0.0,11362.4,8607.2,15786.4,27.4,67.6,4.8,1.0,0.0
7.4,0.0,1037820.0,2980534.4,135592.8,355736.8,58.4,0.0,344.0,11938.4,9091.4,16265.4,27.8,66.0,5.2,0.8,0.0
5.6,0.2,1037564.0,3474759.2,136286.4,359816.0,54.4,0.0,71.2,11458.4,8535.6,15394.8,28.8,63.8,7.0,1.0,0.0
8.6,0.2,1037564.0,4335758.4,136751.2,353816.8,8.8,0.0,8.8,11140.8,8551.8,15205.0,27.6,64.8,6.8,1.0,0.0
7.4,0.4,1037308.0,4214799.2,137037.6,359012.8,24.0,0.0,44.0,11296.0,7771.4,14507.6,29.8,64.4,5.6,0.6,0.0
7.6,0.2,1037052.0,4733200.0,137161.6,356636.0,36.0,0.0,141.2,10060.0,6873.0,12355.0,30.8,63.4,4.8,1.2,0.0
5.6,0.2,1036700.0,4479227.2,137298.4,355966.4,29.6,0.0,29.6,11392.0,8606.6,15575.0,29.8,63.4,6.0,1.2,0.0
6.4,0.2,1036700.0,5466205.6,137970.4,354260.8,0.8,0.0,2.4,12285.6,9465.4,17368.6,29.4,62.6,6.8,1.2,0.0
6.2,0.2,1032632.8,5558953.6,138032.0,362648.0,26.4,0.0,26.4,11288.8,8855.2,15799.0,30.6,62.0,6.4,1.0,0.0
7.2,0.8,1032444.8,5693484.0,138064.0,361938.4,44.8,0.0,46.4,11872.8,9180.2,16819.6,31.4,60.6,6.6,1.6,0.0
5.2,0.6,1031744.8,5522472.0,138081.6,362896.0,30.4,0.0,30.4,11611.2,9021.8,16656.4,31.6,61.4,5.8,1.4,0.0
7.4,0.2,1031690.4,5413119.2,138112.8,362336.0,5.6,0.0,5.6,12630.4,9067.2,16510.2,33.8,59.4,6.0,0.8,0.0
6.6,0.4,1031400.0,5445432.0,138132.8,364885.6,0.0,0.0,0.0,12129.6,8672.0,16248.2,36.8,56.4,6.2,1.0,0.0
9.8,0.0,1031042.4,5805407.2,138524.0,371096.0,244.0,0.0,1191.8,12327.2,8925.6,16969.4,36.4,56.2,6.4,1.2,0.0
6.8,0.2,1030980.0,5928606.4,138716.8,370730.4,9.6,0.0,44.8,12597.6,9978.6,18116.4,33.6,58.8,6.6,1.4,0.0
6.8,0.0,1030882.4,5985633.6,138726.4,370434.4,1.6,0.0,1.6,12768.0,9263.6,17156.8,37.2,55.4,6.6,1.2,0.0
8.0,0.0,1030652.8,6140953.6,138739.2,372920.8,20.8,0.0,20.8,12531.2,9135.8,16359.6,44.2,48.8,5.6,1.2,0.0
7.0,0.6,1063112.0,6440028.8,138752.0,368085.6,66.4,21664.0,82.4,31704.0,7652.4,13280.6,35.2,59.2,4.6,1.4,0.0
7.0,0.0,1031130.4,6633750.4,138753.6,373848.8,4.8,28.8,12.0,13394.4,9775.2,17893.2,45.8,46.4,6.6,1.4,0.0
5.6,0.0,1032666.4,1588747.2,112464.0,372364.8,4.8,1640.8,4.8,13784.0,9283.6,17315.0,19.0,72.4,7.4,1.0,0.0
4.6,0.0,1078810.4,1216864.0,38400.8,396101.6,96.0,9629.6,3305.8,20086.4,8475.0,14625.2,18.6,74.4,5.0,1.6,0.0
6.4,0.6,1142933.6,1142579.2,50464.8,304012.8,18840.0,27888.0,24071.4,44588.8,15165.4,26945.2,19.0,70.6,6.8,3.8,0.0
11.6,0.0,1098995.2,4730344.0,72453.6,335363.2,2044.0,0.0,3636.6,5220.0,4348.2,6890.8,20.8,74.2,3.0,2.0,0.0
7.6,0.0,1093528.8,2706141.6,105887.2,373780.0,283.2,0.0,753.2,20111.2,16471.0,31089.2,21.0,67.4,10.0,1.6,0.0
4.4,1.2,1092151.2,4149484.0,128203.2,379494.4,33.6,0.0,33.6,22728.0,16981.6,33589.0,23.4,66.8,8.4,1.4,0.0
6.0,0.4,1091229.6,4653372.8,135713.6,380220.8,77.6,0.0,155.2,21676.8,15739.6,30655.4,24.4,66.6,8.2,1.4,0.0
6.2,0.0,1090261.6,4545320.8,138588.0,386134.4,82.4,0.0,94.4,25572.8,16837.0,34323.4,21.2,69.0,8.8,0.8,0.0
7.0,0.2,1087764.0,3045723.2,139574.4,411796.8,7.2,0.0,7.2,23148.0,16941.8,33069.6,26.2,64.8,8.0,1.4,0.0
7.4,0.4,1087396.8,3852552.0,139917.6,413006.4,12.8,0.0,13.6,25361.6,16210.4,33502.0,23.0,68.4,7.8,0.8,0.0
7.0,0.0,1087140.0,4068862.4,140046.4,413210.4,23.2,0.0,23.2,23656.8,14635.6,29065.8,24.4,68.0,7.2,0.4,0.0
6.0,0.8,1086664.0,4261924.0,140236.0,412941.6,36.8,0.0,497.4,21394.4,16348.6,31955.6,22.4,65.0,10.6,1.8,0.0
6.0,0.2,1086395.2,3626038.4,140254.4,414852.8,8.8,0.0,8.8,22449.6,17483.0,33724.0,28.2,62.4,7.6,1.8,0.0
6.4,0.0,1086107.2,3989427.2,140284.0,417345.6,16.8,0.0,16.8,22761.6,15893.4,32222.2,25.4,65.2,8.4,1.0,0.0
6.4,0.2,1085984.0,3707939.2,140311.2,415504.8,6.4,0.0,32.0,21443.2,16806.8,32601.8,34.8,54.4,8.8,2.0,0.0
4.4,0.2,1081881.6,3907998.4,140369.6,422429.6,1208.8,0.0,1281.6,20574.4,14901.4,28741.0,31.0,59.8,8.0,1.2,0.0
5.6,0.0,1081744.0,4175888.0,140492.0,418725.6,6.4,0.0,17.0,21884.8,17596.0,33987.0,31.2,57.8,9.0,2.2,0.0
6.2,0.4,1081648.0,4466980.0,140507.2,422482.4,4.0,0.0,4.0,23073.6,17990.4,34705.2,30.6,59.4,8.4,1.8,0.0
7.0,0.2,1081593.6,4956479.2,140527.2,422141.6,11.2,0.0,11.2,21339.2,16946.2,32434.6,31.2,59.6,7.6,1.8,0.0
5.8,0.0,1081330.4,4878005.6,140536.0,420268.8,12.8,0.0,14.4,22697.6,17206.8,33409.6,29.6,59.2,9.6,1.8,0.0
7.2,0.2,1688284.8,4929751.2,140536.8,416499.2,5.6,135769.6,5.6,153080.0,15256.6,26687.8,23.0,67.6,7.8,1.8,0.0
7.8,0.0,1458373.6,4959920.0,140556.8,421116.8,18.4,168974.4,18.4,185616.0,14113.6,24490.8,27.4,64.8,6.2,1.8,0.0
5.8,0.0,1210635.2,5247616.0,140572.0,422957.6,0.8,55485.6,0.8,77229.6,17003.0,33418.6,30.2,59.2,9.2,2.0,0.0
6.6,0.4,1054360.0,5267372.8,140577.6,426391.2,5.6,0.0,189.6,22093.6,16704.8,32048.0,38.6,51.0,8.6,1.8,0.0
7.0,0.4,1054296.0,5599120.8,140589.6,424091.2,35.2,0.0,35.2,23521.6,18455.4,34915.6,34.4,53.4,10.0,2.2,0.0
8.8,0.0,1113026.4,5889873.6,140601.6,428454.4,9.6,78643.2,18.4,100033.6,16745.4,30292.2,25.2,65.0,7.8,1.6,0.0
7.2,1.0,1131905.6,6192089.6,140616.0,425379.2,2.4,95418.4,6.4,113896.8,16939.2,28883.6,22.4,65.0,9.8,3.0,0.0
5.8,0.2,1054108.0,6331036.8,140622.4,428038.4,30.4,0.0,30.4,25201.6,15875.2,32232.0,35.0,56.8,7.6,0.6,0.0
5.6,0.0,1054104.8,6565897.6,140641.6,429214.4,1.6,61.6,1.6,27332.8,19364.8,38239.2,40.2,50.0,8.8,1.4,0.0
9.8,0.4,1105312.0,946944.8,135464.8,379735.2,6.4,45514.4,1132.8,63821.6,15760.4,25761.2,29.8,66.4,2.8,1.2,0.0
9.4,0.0,1067980.0,1731155.2,96480.0,342324.8,858.4,962.4,3976.2,20216.8,15263.0,27555.4,32.8,63.0,3.8,0.6,0.0
9.6,0.4,1112695.2,3651467.2,67756.0,354849.6,536.0,0.0,7551.6,21458.4,15900.4,28738.6,34.8,61.8,3.2,0.6,0.0
9.4,0.8,1102763.2,1730444.0,114762.4,337205.6,207.2,948.0,631.8,23730.4,15280.6,29205.2,33.8,61.8,4.2,0.6,0.0
9.4,0.4,1101198.4,3156836.0,125842.4,355369.6,790.4,0.0,2415.6,19177.6,14547.6,26598.6,35.8,58.2,5.2,1.0,0.0
9.4,0.4,1094900.8,2600128.8,131263.2,377734.4,184.8,0.0,2304.2,20776.0,16878.2,29615.4,33.6,61.4,4.4,0.8,0.0
8.6,0.2,1090715.2,3144368.0,133252.0,384802.4,212.8,0.0,247.2,21356.0,16690.6,30820.2,35.4,59.6,4.2,1.0,0.0
7.6,0.0,1089896.0,4195208.8,133772.8,392672.0,17.6,0.0,1205.4,20894.4,16870.4,30307.6,36.8,59.2,3.6,0.8,0.0
9.6,0.0,1089281.6,4055111.2,134031.2,401057.6,40.0,0.0,54.4,22160.8,16053.2,29343.4,36.8,59.2,3.4,0.8,0.0
8.2,0.0,1088872.0,4177205.6,134170.4,402869.6,108.0,0.0,128.8,19083.2,13175.4,25945.6,35.8,60.4,3.4,0.6,0.0
7.2,0.2,1088360.0,4265048.8,134228.8,404908.8,409.6,0.0,1405.6,21676.0,16916.8,30539.2,36.0,59.4,4.4,0.8,0.0
9.6,0.4,1084232.0,4807694.4,134277.6,404976.0,7.2,0.0,55.2,22824.0,17444.4,31873.8,34.6,60.8,4.0,0.6,0.0
8.4,0.6,1084232.0,5260125.6,134296.8,406353.6,28.8,0.0,60.4,22600.8,16360.0,31531.0,37.0,59.4,3.2,0.2,0.0
8.0,0.4,1325482.4,3862347.2,134317.6,410089.6,24.0,118112.8,33.6,134907.2,14298.0,23951.8,35.8,59.8,3.8,1.0,0.0
8.6,0.0,1081566.4,5173369.6,134360.0,406871.2,14.4,0.0,14.4,21376.8,15478.0,28425.6,37.4,57.6,4.6,0.8,0.0
8.6,0.0,1081080.0,5179354.4,134390.4,409960.8,24.0,0.0,52.0,22103.2,16349.0,30852.8,37.8,57.8,4.0,0.6,0.0
6.6,0.6,1080732.0,4888541.6,134414.4,412385.6,5.6,0.0,5.6,22912.0,16202.4,30378.6,39.0,56.0,4.6,0.6,0.0
8.4,0.0,1080312.8,4484855.2,134440.0,410688.8,95.2,0.0,117.6,22384.0,16339.2,30642.4,39.6,57.4,3.2,0.0,0.0
9.4,0.4,1080234.4,4761939.2,134444.0,409431.2,4.8,0.0,4.8,20935.2,15868.4,29074.6,41.2,54.6,3.8,1.0,0.0
9.2,0.2,1079101.6,4735828.8,134448.0,411184.8,67.2,0.0,67.2,21004.8,16690.0,30034.0,43.8,53.0,2.8,0.2,0.0
9.4,0.0,1095010.4,4860586.4,134488.0,424572.0,12.0,16404.0,65.6,37082.4,15881.6,28010.8,44.0,51.2,3.8,1.0,0.0
10.0,0.2,1069252.0,5545080.0,134516.0,420444.8,2.4,0.0,2.4,22996.8,16034.4,30177.0,43.6,52.4,3.6,0.4,0.0
8.8,0.4,1068740.0,5592600.0,134644.0,427968.8,12.0,0.0,12.8,26961.6,16217.6,29746.4,41.6,55.6,2.8,0.2,0.0
8.6,0.0,1067736.0,5674276.8,134869.6,426366.4,51.2,0.0,802.4,25206.4,16683.8,31178.0,43.4,53.6,2.8,0.4,0.0
11.6,0.6,1178077.6,5669540.0,134931.2,424426.4,5813.6,68628.8,5866.0,84915.2,12816.8,21209.2,40.2,57.2,2.2,0.8,0.0
10.0,0.2,1186313.6,5936867.2,134936.0,424544.8,38.4,55099.2,40.8,74240.8,12042.0,21268.4,39.8,56.2,3.6,0.6,0.0
7.8,0.0,1037028.0,6187757.6,134943.2,426676.8,6.4,0.0,16.0,25618.4,15980.2,30401.8,44.0,51.8,3.6,0.6,0.0
8.4,0.0,1036596.0,6314739.2,134950.4,430498.4,326.4,0.0,980.4,24316.8,15370.6,28127.6,43.4,51.2,4.8,1.0,0.0
8.2,0.0,1036596.0,6541344.8,134960.0,429034.4,18.4,36.0,18.4,25292.8,16200.0,29618.0,47.6,49.0,3.2,0.6,0.0
7.6,0.2,1136218.4,457914.4,82078.4,313617.6,476.0,74421.6,6568.0,93428.0,15182.0,23053.2,26.4,68.6,3.6,1.4,0.0
9.6,0.8,1275751.2,604248.0,24824.0,290283.2,8834.4,33994.4,20709.0,54375.2,15580.6,25065.4,29.8,65.0,3.8,1.4,0.0
7.4,0.4,1163978.4,3701054.4,84121.6,337504.8,296.0,0.0,2915.2,24610.4,15497.6,28881.2,31.2,62.2,5.4,1.2,0.0
9.2,0.0,1139339.2,2444814.4,119951.2,364977.6,2993.6,616.8,4880.0,26337.6,15748.6,29319.6,29.8,64.8,4.8,0.6,0.0
6.4,0.2,1115420.8,3344350.4,132852.8,371854.4,33.6,0.0,35.2,25843.2,17115.6,32238.0,31.4,60.6,7.2,1.0,0.0
8.4,0.2,1112604.8,3521322.4,136936.0,372747.2,178.4,0.0,366.0,25271.2,16657.8,30761.8,31.6,61.8,5.8,1.0,0.0
7.2,0.8,1281681.6,2074252.8,138696.0,377956.0,44.0,84278.4,44.8,104861.6,14264.8,25217.8,32.6,61.8,4.6,1.2,0.0
8.8,0.0,1148516.8,2104203.2,139346.4,381680.0,65.6,35592.8,391.0,57349.6,14480.0,26206.2,30.4,63.8,4.8,1.0,0.0
6.6,0.4,1100523.2,3762242.4,139770.4,387423.2,1024.0,0.0,1906.4,23297.6,16794.4,32057.0,34.0,60.0,5.0,1.0,0.0
7.0,0.4,1094288.8,4473706.4,140003.2,414004.0,419.2,0.0,1378.4,25345.6,16713.8,31022.4,33.4,60.4,5.6,1.0,0.0
6.6,0.4,1093536.8,3813725.6,140064.0,416497.6,17.6,0.0,30.4,25414.4,16348.2,31375.6,33.2,61.4,5.0,0.6,0.0
8.4,0.6,1287938.4,3580424.8,140100.8,417289.6,25.6,102766.4,50.4,121986.4,14315.4,24573.6,31.6,63.6,4.0,0.8,0.0
7.0,0.2,1083992.8,5241913.6,140116.0,423243.2,37.6,0.0,63.2,23455.2,16056.6,29327.8,34.8,58.8,5.4,1.0,0.0
6.2,0.4,1083494.4,4487869.6,140140.8,428956.8,16.0,0.0,16.0,24690.4,16787.4,30984.8,32.8,61.2,5.0,0.8,0.0
8.6,0.0,1083220.8,4458712.0,140162.4,429752.0,103.2,0.0,152.4,26988.8,17055.6,32709.2,34.2,59.6,5.4,1.0,0.0
7.6,0.0,1079827.2,4394756.8,140230.4,427872.0,1212.0,0.0,1212.8,24415.2,17438.8,32745.2,35.4,59.2,4.6,1.0,0.0
8.8,0.4,1077013.6,4741824.8,140697.6,435157.6,4.0,0.0,30.4,25097.6,15627.6,29510.6,36.0,58.0,5.2,1.0,0.0
7.0,0.0,1076745.6,4664986.4,140715.2,442160.0,19.2,0.0,19.2,21433.6,15803.2,29260.4,35.2,59.2,5.2,0.8,0.0
7.0,0.0,1076600.0,4401838.4,140724.0,442237.6,20.8,0.0,1007.8,25400.8,15980.2,31095.4,38.6,55.6,5.4,0.6,0.0
7.4,0.0,1076236.8,4828867.2,140734.4,443180.0,15.2,0.0,15.2,25841.6,17260.6,32611.8,37.4,57.0,5.2,0.8,0.0
8.8,0.2,1075871.2,5177063.2,140756.8,441876.0,9.6,0.0,18.4,23860.8,16345.6,31625.8,41.4,52.8,5.4,0.8,0.0
7.6,0.6,1073844.0,5352837.6,140768.0,439028.0,42.4,0.0,42.4,24524.0,16673.2,31242.6,40.0,54.4,4.6,0.8,0.0
8.6,0.4,1250298.4,5285082.4,140778.4,442828.8,21.6,89166.4,22.4,109624.8,14943.2,26208.6,37.2,56.6,5.2,1.2,0.0
8.0,0.2,1073404.0,5505882.4,140788.0,440310.4,25.6,0.0,27.2,24820.8,16170.8,30928.6,43.6,50.8,5.2,0.8,0.0
6.6,0.2,1173220.8,5741976.0,140788.0,441130.4,11.2,40913.6,11.2,67363.2,15898.6,31329.2,38.6,55.0,6.0,0.6,0.0
8.6,0.0,1072163.2,5792220.8,140792.0,441079.2,7.2,0.0,7.2,25221.6,16274.6,30647.4,47.0,47.2,5.4,0.6,0.0
7.6,0.0,1071600.0,6228611.2,140804.0,440688.0,12.8,0.0,13.6,26016.8,16491.4,31047.0,40.0,54.0,5.8,0.4,0.0
7.8,0.0,1071644.0,6384572.8,140806.4,450296.0,5.6,0.0,8.8,23522.4,15697.0,28211.2,42.0,53.6,4.0,0.6,0.0
7.4,0.0,1071592.8,6550513.6,140808.0,442763.2,34.4,24.8,34.4,25767.2,16077.4,30121.0,49.6,45.0,5.0,0.8,0.0
6.2,0.0,1290047.2,295584.8,58136.0,361164.8,1634.4,114680.0,2056.8,130553.6,16259.2,21504.0,19.2,72.4,5.4,3.8,0.0
5.2,0.0,1070588.0,3194324.0,76865.6,390707.2,566.4,0.0,2314.4,25745.6,16557.6,32564.0,28.2,64.4,6.4,1.2,0.0
7.2,0.2,1088140.0,2841360.0,36756.0,270372.8,90.4,4564.8,18375.8,27233.6,15724.2,29208.8,27.0,65.6,6.2,1.4,0.0
5.0,0.2,1091696.0,3812969.6,94994.4,374544.8,76.0,0.0,1892.8,23484.0,16009.6,30889.4,26.2,63.4,9.0,1.4,0.0
6.2,0.2,1086336.0,4393080.0,126752.0,382229.6,77.6,0.0,94.4,23335.2,15989.0,33047.4,28.2,63.4,7.6,1.0,0.0
6.8,0.0,1086060.0,3347838.4,136777.6,393659.2,21.6,0.0,263.6,22225.6,16610.8,32142.8,26.0,65.6,7.4,1.2,0.0
5.6,0.4,1334129.6,2844011.2,140142.4,391319.2,226.4,123632.0,572.4,141889.6,16038.8,27512.2,23.6,66.6,8.0,1.8,0.0
5.4,0.6,1082399.2,4593754.4,141332.8,398639.2,16.8,0.0,20.0,23418.4,17511.8,34357.6,25.6,63.8,9.0,1.4,0.0
7.6,0.0,1081884.0,5194588.0,141932.8,399720.0,81.6,0.0,86.4,23300.0,16988.0,33972.0,25.6,66.0,7.4,1.0,0.0
6.0,0.6,1081716.8,4778212.8,142258.4,399209.6,23.2,0.0,35.2,23028.0,16618.6,32969.2,28.2,63.0,7.4,1.4,0.0
5.6,0.2,1080862.4,4743364.8,142506.4,398021.6,21.6,0.0,76.8,23088.0,16969.0,33905.8,28.2,63.2,7.2,1.4,0.0
5.8,0.4,1080499.2,4055324.0,142554.4,403909.6,2.4,0.0,24.0,22936.8,15691.8,31873.0,32.0,61.0,6.0,0.8,0.0
6.8,0.4,1080100.8,4134609.6,142579.2,401921.6,7.2,0.0,825.0,21662.4,15876.2,31146.2,29.6,61.4,8.2,1.2,0.0
7.6,0.2,1080004.8,4303901.6,142596.0,406121.6,3.2,0.0,17.6,24007.2,16848.4,33180.2,29.4,62.0,7.6,1.0,0.0
6.2,0.4,1079728.0,3929212.0,142608.8,409588.0,36.8,0.0,56.0,26499.2,16441.0,33012.2,31.6,61.2,6.4,0.4,0.0
6.4,0.0,1079294.4,4060025.6,142637.6,409372.8,16.0,0.0,17.6,24244.8,16885.0,33780.6,39.2,52.8,6.8,1.2,0.0
7.0,0.0,1078861.6,4336304.0,142659.2,407970.4,3.2,0.0,3.2,28026.4,16152.8,33528.0,34.2,60.8,5.0,0.2,0.0
7.2,0.0,1102908.0,4204596.8,142670.4,405068.8,1.6,23684.8,1.6,44737.6,17268.2,32808.4,35.0,56.0,6.8,2.4,0.0
8.6,0.4,1075710.4,5024572.8,142687.2,409549.6,9.6,0.0,35.2,25870.4,15139.2,31088.2,35.6,57.8,6.2,0.4,0.0
6.8,0.0,1075431.2,5218891.2,142711.2,409938.4,8.0,0.0,8.0,23019.2,15902.4,31716.4,36.0,55.6,7.6,1.2,0.0
7.8,0.0,1075030.4,5330465.6,142731.2,411606.4,90.4,0.0,90.4,22797.6,18039.0,34661.4,32.0,57.0,9.6,1.8,0.0
8.0,0.6,1074948.8,5445852.0,142740.8,405949.6,14.4,0.0,14.4,22453.6,16791.2,32468.6,32.8,58.6,7.8,1.0,0.0
6.6,0.2,1074758.4,5387520.0,142756.0,410642.4,4.0,0.0,4.8,24450.4,16925.2,34756.8,34.6,56.2,8.2,1.2,0.0
6.6,0.2,1288884.8,5818392.8,142769.6,409620.0,76.8,83576.8,76.8,103088.8,16625.8,30718.4,27.0,63.4,6.8,2.8,0.0
6.0,0.4,1074246.4,5684254.4,142788.8,411817.6,3.2,0.0,3.2,21504.8,15766.4,31087.4,39.2,53.2,6.4,1.0,0.0
7.2,0.2,1086020.0,5894090.4,142808.8,412840.8,15.2,12113.6,15.2,33418.4,17099.8,32394.2,34.2,55.2,8.4,2.2,0.0
6.4,0.4,1101176.0,6263758.4,142835.2,418575.2,4.0,26743.2,17.6,48186.4,17059.8,31725.6,34.0,57.6,7.0,1.6,0.0
7.4,0.2,1073208.0,6419302.4,142865.6,414974.4,8.0,0.0,22.0,22440.0,16623.6,32030.2,39.6,52.2,7.0,1.4,0.0
7.2,0.6,1073464.0,6621180.0,142878.4,418001.6,1.6,51.2,1.6,31503.2,18620.8,38157.8,44.2,47.2,7.2,1.2,0.0
6.2,1.0,1255000.0,1354749.6,36136.0,256569.6,8736.8,74320.0,23285.2,92431.2,16299.0,25031.0,16.0,76.6,4.0,3.2,0.0
5.2,0.2,1203652.8,1917592.8,13240.0,210392.0,38535.2,44876.8,46255.2,63781.6,17860.6,28257.0,18.6,69.6,5.8,5.8,0.0
6.8,0.2,1121232.8,3422220.8,82488.8,277660.0,251.2,1844.0,3177.2,26689.6,16801.6,32503.8,19.2,72.8,6.8,1.8,0.0
6.6,0.2,1116629.6,3759739.2,114147.2,307731.2,228.8,0.0,1055.0,26528.0,15741.8,31802.8,22.0,70.2,7.2,1.0,0.0
8.2,0.2,1105519.2,4519528.0,126827.2,329122.4,1767.2,0.0,3918.2,24357.6,15511.8,31030.8,26.2,65.6,6.8,1.4,0.0
6.8,0.2,1098812.0,2435611.2,131900.8,356483.2,135.2,0.0,533.8,24056.8,15386.4,30830.2,24.8,65.8,7.6,1.4,0.0
6.6,0.0,1097685.6,4195052.0,133908.8,361970.4,48.8,0.0,48.8,23130.4,15886.6,32263.6,23.4,67.0,8.2,1.4,0.0
6.4,0.0,1096200.8,4329352.8,134712.0,365312.8,18.4,0.0,43.2,25151.2,16562.8,33394.6,22.2,66.6,9.0,2.2,0.0
6.4,0.2,1095023.2,4862445.6,134972.0,363184.8,16.0,0.0,16.0,23449.6,15247.0,29788.6,26.2,64.8,8.0,1.6,0.0
6.6,0.2,1346259.2,3518498.4,135072.8,362896.0,24.0,118143.2,36.8,136716.8,14184.6,25287.6,20.4,68.2,8.2,2.8,0.0
7.2,0.2,1092775.2,4745123.2,135138.4,372533.6,88.8,0.0,836.8,25289.6,15890.8,32074.4,23.0,69.0,7.4,0.8,0.0
6.2,0.0,1092560.8,3938592.0,135210.4,375816.8,32.0,0.0,32.0,28072.8,17861.2,35279.4,26.8,63.4,8.4,1.4,0.0
10.4,1.0,1091071.2,3575816.0,135236.8,352095.2,32.8,0.0,58.4,1773.6,2179.6,3756.4,18.8,67.6,9.4,4.0,0.0
8.6,0.4,1090691.2,3937337.6,135240.0,350367.2,46.4,0.0,587.2,4610.4,3561.8,6537.0,21.8,65.2,9.6,3.2,0.0
5.2,0.0,1090261.6,4598720.8,135252.0,383049.6,22.4,0.0,22.4,23596.0,15443.6,29900.4,26.8,62.2,9.6,1.4,0.0
5.6,0.4,1089931.2,4125881.6,135272.0,387640.8,7.2,0.0,32.8,23324.8,16067.6,29752.6,31.0,56.6,10.6,2.0,0.0
6.2,0.0,1089749.6,3997473.6,135283.2,383774.4,15.2,0.0,16.8,20548.0,13373.6,26675.4,35.8,53.2,9.0,2.4,0.0
4.8,0.2,1089313.6,4326521.6,135288.0,383468.8,128.0,0.0,146.4,18398.4,14240.0,26965.4,32.0,56.6,9.8,1.8,0.0
4.6,0.4,1085386.4,5112210.4,135290.4,390592.0,1297.6,0.0,1334.4,21654.4,17385.0,33222.6,29.4,58.8,9.8,2.2,0.0
5.8,0.0,1084298.4,4896795.2,135820.8,416206.4,100.0,0.0,1064.8,25758.4,16926.0,35287.0,27.0,64.8,8.0,1.0,0.0
6.8,0.2,1684856.8,5073964.0,135831.2,420536.8,29.6,136135.2,124.8,156972.0,14946.2,27408.6,21.0,68.0,9.2,2.2,0.0
6.6,0.0,1072324.0,5439935.2,135842.4,420467.2,4.0,0.0,7.2,20954.4,15217.8,29091.4,28.6,59.8,9.8,2.0,0.0
6.6,0.4,1072068.0,5456941.6,136252.0,419180.8,8.8,0.0,59.2,18751.2,12888.0,24459.6,32.8,56.0,8.8,2.4,0.0
7.2,0.2,1071658.4,5562388.8,136264.0,420701.6,96.8,0.0,100.0,23254.4,16472.2,31580.4,33.4,55.0,9.2,2.0,0.0
6.0,0.0,1070640.0,5699229.6,136284.8,420962.4,11.2,0.0,11.2,25152.0,17084.0,33807.6,36.4,53.2,8.8,2.2,0.0
4.6,0.0,1069974.4,6094303.2,136289.6,422948.8,20.0,0.0,44.8,24934.4,16630.2,31792.8,28.8,60.2,10.2,1.0,0.0
5.8,0.0,1157849.6,6182954.4,136304.0,424627.2,0.0,97748.0,6.4,116320.8,15819.4,26998.2,22.2,63.8,10.8,3.0,0.0
7.0,0.0,1086266.4,6395104.0,136316.0,424298.4,11.2,57919.2,14.4,79425.6,16009.6,28231.2,26.4,59.8,10.4,3.2,0.0
6.2,0.0,1069772.0,6593604.8,136342.4,427460.0,8.0,47.2,8.8,29339.2,20245.6,39356.8,40.6,48.2,9.2,1.8,0.0
8.4,1.6,1113829.6,866181.6,87012.8,365140.0,76.0,40140.8,1453.8,62233.6,16737.4,28159.8,27.8,67.4,3.2,1.6,0.0
9.4,0.2,1085144.8,1677233.6,83754.4,326442.4,224.8,1598.4,1869.6,25830.4,15861.2,29128.8,31.4,63.4,4.2,0.8,0.0
7.0,1.0,1140646.4,2293918.4,72732.0,334384.8,391.2,0.0,2912.8,22939.2,15823.0,28299.2,32.0,62.0,5.2,1.0,0.0
8.6,0.2,1118350.4,1701275.2,86987.2,341285.6,412.0,0.0,4112.4,23883.2,15037.6,27236.6,34.0,61.2,4.4,0.8,0.0
7.8,0.0,1116302.4,2020316.0,121440.0,339739.2,211.2,0.0,265.6,25713.6,16565.6,30714.8,31.6,62.8,4.8,0.6,0.0
9.8,0.0,1114408.0,3523978.4,132108.0,332856.8,180.8,0.0,244.8,12712.0,8954.2,15499.6,36.2,60.4,2.4,0.8,0.0
10.0,0.2,1112667.2,3372498.4,134968.0,331160.8,33.6,0.0,718.8,13022.4,8754.4,15346.2,37.6,56.0,5.6,1.6,0.0
9.6,0.4,1102171.2,3754984.8,137593.6,346402.4,3711.2,0.0,4396.6,13385.6,8860.6,15549.4,35.6,60.6,3.0,1.0,0.0
9.0,0.4,1154181.6,2157643.2,139349.6,360507.2,6.4,37776.8,754.2,58756.0,15098.2,25909.6,32.6,61.8,4.8,1.0,0.0
8.4,0.2,1095552.0,3149951.2,139841.6,360054.4,13.6,0.0,32.0,18996.0,12517.6,22322.6,34.0,62.2,3.4,0.4,0.0
9.8,0.0,1095077.6,2901348.8,140220.8,366579.2,55.2,0.0,2126.8,14213.6,9267.2,16944.0,36.6,59.0,3.4,0.6,0.0
10.0,1.0,1092992.8,4357799.2,140380.0,381767.2,101.6,0.0,443.6,20117.6,13519.4,23912.2,37.0,59.2,3.6,0.2,0.0
9.4,0.6,1090879.2,4158619.2,140632.0,396492.8,876.8,0.0,1018.8,23605.6,14625.8,27040.8,34.2,61.0,4.2,0.8,0.0
8.8,0.6,1077050.4,4864032.0,140648.0,402055.2,71.2,0.0,86.4,23042.4,14674.2,26891.4,36.4,58.2,4.6,0.8,0.0
8.6,0.2,1076948.0,4459335.2,140688.8,396918.4,31.2,0.0,118.4,20976.0,13363.4,24336.2,37.8,58.8,3.2,0.4,0.0
9.2,0.2,1074568.8,5020003.2,140696.8,403727.2,9.6,0.0,12.0,20520.0,13396.4,23978.8,37.0,58.4,4.0,0.8,0.0
9.8,0.2,1074129.6,5409487.2,140705.6,406924.8,20.0,0.0,26.4,24868.0,14919.2,27949.8,37.2,58.0,4.4,0.2,0.0
9.4,0.8,1073814.4,5184591.2,140718.4,407927.2,4.0,0.0,4.0,24782.4,15961.6,29452.6,38.2,56.8,5.0,0.2,0.0
8.6,0.2,1073712.8,5050912.8,140776.8,405673.6,35.2,0.0,281.0,23462.4,15884.4,28959.2,37.8,58.0,3.8,0.4,0.0
8.0,0.0,1073269.6,5069494.4,141024.8,415321.6,28.8,0.0,813.4,23609.6,15744.2,27939.6,38.4,57.4,3.8,0.2,0.0
8.8,0.2,1072856.8,4906664.0,141128.0,417678.4,32.0,0.0,59.2,24878.4,14538.8,27835.8,40.4,53.4,5.4,0.8,0.0
8.0,0.0,1072912.0,5101359.2,141132.0,415127.2,8.0,0.0,9.6,22501.6,14373.2,26131.4,44.2,52.6,2.8,0.4,0.0
10.0,0.2,1072656.0,5569537.6,141144.0,421070.4,20.0,0.0,20.8,23641.6,14505.4,28137.8,43.2,52.2,4.4,0.6,0.0
8.2,0.2,1072400.0,5659638.4,141145.6,418489.6,64.0,0.0,64.0,22828.0,12783.4,24419.6,42.6,52.6,4.2,0.6,0.0
8.2,0.4,1072144.0,5706782.4,141151.2,416214.4,20.0,0.0,20.0,21866.4,14921.2,26739.0,46.4,49.6,3.6,0.6,0.0
8.4,0.2,1071990.4,6011291.2,141152.8,418320.8,14.4,0.0,42.4,25200.0,14011.6,27654.4,41.8,52.6,5.6,0.2,0.0
7.4,0.0,1071632.0,6122235.2,141172.0,420980.8,12.0,0.0,40.8,23019.2,15143.8,27739.4,46.8,49.4,3.4,0.0,0.0
8.0,0.2,1071376.0,6434642.4,141176.0,422826.4,11.2,0.0,20.8,19652.0,12339.4,22542.6,42.0,52.6,4.8,0.6,0.0
7.6,0.6,1069952.0,6589544.8,141180.0,419261.6,0.0,30.4,0.0,24282.4,15683.6,29523.8,49.8,45.0,5.0,0.6,0.0
8.0,0.0,1073349.6,1108056.8,113540.8,373884.8,24.8,3462.4,161.0,22164.8,13711.8,24118.4,29.8,62.8,6.0,1.4,0.0
8.2,1.0,1095711.2,1591136.0,58448.8,330674.4,24.0,4976.0,3260.0,29467.2,14484.4,28176.0,25.6,66.2,7.6,0.8,0.0
8.8,0.0,1146862.4,1489638.4,63704.8,315464.0,154.4,997.6,3208.8,21915.2,14371.2,25448.4,31.2,61.8,6.0,1.2,0.0
7.8,0.0,1150680.8,2036008.8,62265.6,302328.8,236.8,0.0,1224.4,20410.4,13812.8,24979.0,29.8,63.0,6.4,1.2,0.0
9.8,0.2,1142898.4,1881708.8,105117.6,341320.8,293.6,0.0,383.2,21163.2,14814.4,27361.2,33.2,59.4,7.0,1.0,0.0
7.8,0.4,1119244.0,3074720.0,122124.8,346907.2,3372.0,0.0,5014.4,22548.8,15611.6,29137.8,28.6,64.6,5.8,1.0,0.0
8.0,0.0,1099788.0,2805226.4,129560.8,372031.2,27.2,0.0,48.0,19826.4,13793.0,24816.8,34.6,59.2,5.4,1.2,0.0
7.0,0.6,1099532.0,4407236.0,132620.0,371633.6,16.8,0.0,24.8,22074.4,14715.6,27364.4,32.8,60.8,6.0,0.8,0.0
6.2,0.8,1096460.0,3664378.4,133943.2,385823.2,122.4,0.0,495.2,21996.0,14336.4,26426.2,32.2,61.8,5.2,0.8,0.0
8.6,0.2,1095436.0,3115196.0,134731.2,387372.0,21.6,0.0,22.4,19283.2,12055.0,22593.4,32.4,61.2,5.4,0.6,0.0
8.6,0.0,1095180.0,4471149.6,134899.2,394544.8,25.6,0.0,27.2,26576.0,16445.0,31258.2,33.0,60.0,6.4,0.6,0.0
7.6,0.0,1094668.0,4790092.8,134972.0,394532.0,79.2,0.0,79.2,23272.0,16113.4,29570.8,31.8,61.6,6.0,1.2,0.0
5.8,0.2,1094668.0,5048206.4,134991.2,390428.8,9.6,0.0,13.6,22611.2,14978.4,28014.6,33.8,59.6,5.8,1.2,0.0
9.2,0.0,1207109.6,3777856.0,135480.0,407517.6,131.2,66728.0,994.4,83535.2,12313.8,20776.8,33.0,61.0,4.8,1.6,0.0
8.2,0.0,1083877.6,5653247.2,135491.2,410166.4,4.0,0.0,4.8,20393.6,13945.4,25421.4,34.4,59.8,5.2,0.8,0.0
7.4,0.8,1082317.6,5482710.4,135505.6,433121.6,57.6,0.0,77.6,18875.2,13621.0,26685.2,35.8,59.0,4.2,0.8,0.0
7.2,0.2,1082195.2,5107321.6,135526.4,424087.2,6.4,0.0,36.8,22946.4,14646.4,26748.0,32.2,61.0,5.8,1.0,0.0
5.8,0.0,1081883.2,4994757.6,135532.0,436005.6,5.6,0.0,8.0,22925.6,16310.8,29225.2,35.0,59.0,5.4,0.8,0.0
8.2,0.2,1081489.6,5226400.8,135536.0,438253.6,15.2,0.0,20.0,21064.8,13373.6,25233.2,34.0,59.6,5.8,0.8,0.0
7.4,0.0,1076717.6,5324768.8,135548.0,434247.2,103.2,0.0,103.2,22317.6,14445.6,26688.8,34.6,58.0,6.2,0.8,0.0
7.6,0.0,1076566.4,5169675.2,135548.0,436524.8,0.0,0.0,28.8,25571.2,15225.0,29788.6,38.8,54.0,7.0,0.8,0.0
7.2,0.2,1681756.0,5079340.8,135548.0,433293.6,11.2,151518.4,28.8,169927.2,13398.4,21861.6,32.6,60.0,5.6,1.8,0.0
8.6,0.2,1069034.4,5659933.6,135557.6,439184.0,116.8,0.0,117.6,21614.4,13909.0,26785.2,37.8,56.2,5.4,0.6,0.0
6.6,0.8,1068984.0,5590408.0,135564.0,441234.4,0.8,0.0,2.4,25433.6,16454.4,30787.4,38.8,55.0,5.6,0.8,0.0
6.8,0.2,1068728.0,5663248.8,135572.8,440540.8,3.2,0.0,4.8,21799.2,16995.4,31503.4,41.0,51.8,6.4,1.0,0.0
7.0,0.4,1068204.8,5899328.8,135580.8,436451.2,20.0,0.0,20.8,25652.0,17914.8,32506.6,42.4,50.2,6.4,0.8,0.0
9.8,0.0,1067752.0,6204322.4,135586.4,434308.0,0.8,0.0,2.4,24122.4,16691.8,30308.0,40.4,53.2,5.8,1.0,0.0
7.6,1.0,1067752.0,6372087.2,135600.0,444307.2,7.2,0.0,12.0,26120.0,15860.8,30399.0,37.4,56.6,5.6,0.4,0.0
8.0,0.0,1067752.0,6576038.4,135605.6,437705.6,18.4,48.8,18.4,26192.8,17497.8,32743.0,48.6,43.4,6.8,1.0,0.0
10.4,0.6,1234147.2,187644.8,32460.8,286605.6,5442.4,92586.4,20210.6,107412.8,16470.6,22631.8,16.8,76.2,2.6,4.4,0.0
7.8,0.2,1329927.2,293768.8,31992.8,320068.8,7557.6,70111.2,15393.4,85463.2,15924.8,24240.6,23.6,65.0,5.0,6.6,0.0
8.0,0.0,1192591.2,1053800.0,42492.8,313649.6,1962.4,27276.8,11308.6,45133.6,14909.8,26438.2,25.8,66.4,5.8,2.0,0.0
7.0,0.8,1134248.0,3776477.6,93252.8,345314.4,1591.2,0.0,4479.2,23111.2,16340.0,33110.4,26.0,65.8,7.0,1.6,0.0
6.8,0.0,1125396.0,4680956.0,125671.2,356153.6,322.4,0.0,1523.0,24662.4,15938.0,32268.8,27.4,65.0,6.8,1.0,0.0
6.6,0.0,1124428.8,4119817.6,136840.0,356111.2,100.0,0.0,128.0,24275.2,15408.2,32278.2,26.6,67.0,6.0,0.4,0.0
8.2,0.2,1121527.2,4274340.0,140117.6,366767.2,71.2,0.0,97.6,21816.8,15784.0,31723.8,29.4,63.2,6.4,0.8,0.0
6.8,0.0,1120081.6,5126469.6,141191.2,365033.6,184.0,0.0,224.0,24645.6,15476.2,30599.4,26.4,66.8,6.6,0.8,0.0
7.0,0.0,1115819.2,4020068.0,141598.4,371142.4,3036.8,0.0,4661.6,23079.2,14710.0,29347.4,28.6,66.0,5.2,0.4,0.0
6.4,0.8,1103765.6,3836213.6,141725.6,371025.6,8.0,0.0,9.6,22690.4,17124.0,32730.4,28.4,61.6,8.4,1.6,0.0
7.6,0.0,1401562.4,3379375.2,141765.6,373685.6,31.2,138836.8,36.0,155037.6,14221.6,22754.2,25.2,66.0,7.0,2.0,0.0
6.8,0.0,1602900.0,2781211.2,141780.0,372479.2,6.4,165821.6,6.4,182300.0,13695.8,24035.8,27.0,64.2,6.6,2.4,0.0
6.4,0.4,1097158.4,5098501.6,141783.2,375443.2,59.2,0.0,59.2,20516.0,15824.8,30567.2,27.8,62.4,8.6,1.6,0.0
6.2,0.8,1362911.2,4052194.4,141797.6,373569.6,40.8,119650.4,41.6,133709.6,13336.8,21471.0,24.2,66.0,7.6,2.8,0.0
7.2,0.2,1095932.0,4215273.6,141815.2,373624.8,4.8,0.0,4.8,17004.8,13045.8,24744.6,33.0,57.8,8.0,1.2,0.0
7.6,0.0,1095333.6,4617218.4,141829.6,378310.4,121.6,0.0,252.8,23106.4,16626.8,32254.8,27.2,63.0,8.6,1.0,0.0
8.0,0.2,1095040.0,4226632.0,141836.0,382514.4,92.0,0.0,106.0,23562.4,17322.4,32688.6,30.4,59.4,9.4,1.0,0.0
7.4,0.2,1094672.8,4312171.2,141853.6,380196.0,3.2,0.0,12.8,22194.4,16268.0,32248.6,35.8,57.0,6.8,0.8,0.0
9.0,0.0,1082744.0,4431336.0,141925.6,400306.4,44.8,0.0,60.0,23335.2,15631.4,30421.8,32.2,59.6,7.4,0.8,0.0
6.2,0.6,1072449.6,4806017.6,142073.6,400000.0,14.4,8498.4,44.0,31228.8,15779.4,31048.4,31.0,59.6,8.2,1.2,0.0
6.8,0.6,1049658.4,5020684.0,142140.8,400526.4,48.0,0.0,1236.0,22204.0,14468.4,27207.8,38.6,54.2,7.0,0.8,0.0
7.0,0.2,1049412.0,5436563.2,142225.6,411814.4,42.4,0.0,67.2,23527.2,15619.2,29330.4,33.4,56.8,8.4,1.4,0.0
7.2,0.0,1049316.0,5525032.8,142232.8,411979.2,9.6,0.0,12.0,26580.8,17460.4,34175.6,34.4,55.2,8.8,1.6,0.0
6.8,0.4,1048878.4,5311754.4,142240.0,410938.4,3.2,0.0,10.4,24132.0,16583.8,32115.8,39.8,50.6,8.0,1.8,0.0
7.0,0.0,1048470.4,5548463.2,142248.0,412087.2,79.2,0.0,81.6,24790.4,16592.6,31743.4,41.2,48.6,8.4,2.0,0.0
6.4,0.6,1048422.4,5852155.2,142556.0,417330.4,0.0,0.0,0.0,26034.4,16408.2,32808.4,37.0,53.0,8.2,1.6,0.0
5.6,0.0,1048576.0,6215006.4,142564.0,410304.8,0.0,0.0,3.2,23707.2,16202.0,30374.0,36.0,56.2,6.8,1.2,0.0
6.6,0.8,1083505.6,6382751.2,142564.0,408991.2,11.2,44377.6,18.4,62930.4,14714.8,23733.2,33.8,55.4,7.8,3.0,0.0
6.0,0.2,1047987.2,6570412.8,142564.0,415012.0,63.2,39.2,72.8,24417.6,16982.2,31337.4,43.4,47.8,7.2,1.4,0.0
6.6,0.0,1252472.0,294115.2,51650.4,341304.8,448.8,116439.2,1723.2,126296.8,14580.8,18454.4,15.0,74.4,5.4,5.0,0.0
8.8,0.8,1280148.0,111676.0,22955.2,255426.4,34443.2,97610.4,51216.2,110040.8,16467.8,22856.8,9.2,77.8,4.2,9.2,0.0
5.8,0.2,1138104.8,3327481.6,28399.2,259021.6,1030.4,4601.6,8280.4,27800.8,16243.0,30936.8,18.2,72.4,7.4,2.4,0.0
6.6,0.2,1122741.6,4335709.6,94984.0,310636.8,284.0,0.0,1487.2,25128.0,15709.8,30727.0,19.8,71.2,7.6,1.4,0.0
6.4,0.0,1105692.0,3722312.8,122549.6,327460.8,1968.8,0.0,2002.4,23328.0,16093.2,31129.6,22.2,68.0,7.8,2.0,0.0
4.4,0.0,1103336.8,4087013.6,133806.4,333776.0,103.2,0.0,113.6,22932.8,16259.8,32263.6,26.0,63.2,9.2,1.8,0.0
6.6,1.0,1102415.2,4023308.0,138633.6,338976.8,40.0,0.0,1045.2,22208.8,15560.8,30739.2,23.6,68.0,6.8,1.8,0.0
6.4,1.4,1764592.0,3032381.6,140115.2,346222.4,190.4,187984.0,205.6,206596.0,14258.4,25494.2,18.4,70.4,8.4,2.8,0.0
6.4,0.6,1097336.8,5151687.2,141154.4,351779.2,2464.0,0.0,8422.2,22496.8,16131.6,33918.2,23.6,66.6,8.4,1.8,0.0
5.4,0.4,1093572.8,3992210.4,141615.2,379836.0,14.4,0.0,14.4,24364.8,15168.6,31218.8,25.0,66.0,8.0,1.4,0.0
6.4,0.0,1092156.0,3354035.2,141773.6,382598.4,14.4,0.0,15.2,21596.8,17054.2,32572.0,28.2,60.4,9.4,2.0,0.0
5.2,1.2,1594550.4,3043585.6,141812.8,381368.8,44.8,177773.6,69.6,196307.2,14894.6,24878.2,18.4,72.4,6.8,2.6,0.0
6.2,0.6,1084577.6,2963961.6,141843.2,385561.6,71.2,0.0,99.2,27062.4,14931.8,31098.8,34.0,57.4,7.8,1.0,0.0
6.6,1.0,1085056.0,3426870.4,141868.0,385520.8,15.2,0.0,36.0,22493.6,16964.2,34435.6,34.4,56.2,8.0,1.6,0.0
6.4,0.4,1674296.0,3795590.4,141888.0,382359.2,5.6,184485.6,5.6,204596.8,14521.4,27493.6,24.6,65.8,7.6,2.0,0.0
5.2,0.2,1082880.8,4239788.0,141900.8,384049.6,57.6,0.0,78.4,25767.2,16480.6,33175.4,35.4,56.0,7.4,1.2,0.0
7.4,0.2,1083172.0,4020896.8,142216.0,393330.4,16.0,0.0,18.4,25895.2,15955.8,33192.8,33.2,58.0,7.6,1.0,0.0
5.4,0.0,1082916.0,4558868.0,142250.4,387995.2,27.2,0.0,27.2,23715.2,15424.8,31047.0,35.4,57.2,6.0,1.6,0.0
5.6,0.2,1136261.6,4415516.0,142252.0,392386.4,6.4,40253.6,11.2,60484.8,15691.0,29709.2,30.8,62.2,5.4,1.6,0.0
6.8,0.0,1075668.0,4910400.0,142262.4,397323.2,8.0,0.0,81.2,25632.0,15314.0,31940.6,40.8,51.8,6.4,1.2,0.0
8.0,0.0,1075523.2,5224805.6,142268.0,391961.6,22.4,0.0,24.8,27484.8,15437.8,30878.4,35.4,58.6,5.6,0.8,0.0
5.6,0.0,1075422.4,5301046.4,142290.4,391961.6,6.4,0.0,8.8,24632.8,15624.8,31730.6,32.4,58.6,7.6,1.6,0.0
6.0,0.2,1073056.0,5448940.0,142300.0,401230.4,46.4,0.0,47.2,22662.4,15136.2,29629.2,36.6,54.6,7.2,1.4,0.0
6.4,0.2,1072800.0,5270581.6,142303.2,408348.8,0.0,0.0,0.8,23225.6,14770.8,29785.2,43.6,48.4,6.8,1.2,0.0
5.4,0.0,1072800.0,5683776.8,142309.6,402772.0,0.0,0.0,3.2,23210.4,15810.0,30785.6,42.4,49.4,6.6,1.4,0.0
6.8,0.0,1072748.8,6060467.2,142320.0,404933.6,26.4,0.0,40.0,23259.2,15195.2,30093.2,33.8,58.2,7.0,1.4,0.0
8.6,0.8,1101647.2,6194775.2,142325.6,408445.6,8.0,52428.8,10.4,71260.8,13978.8,24665.8,29.2,61.2,7.6,2.4,0.0
7.2,0.0,1071904.0,6369589.6,142332.0,404066.4,2.4,0.0,4.8,23993.6,15005.2,29746.4,31.2,58.4,8.8,1.4,0.0
5.4,0.4,1072160.8,6569301.6,142337.6,406288.8,0.0,54.4,0.8,25507.2,19965.2,40017.4,40.0,48.2,9.8,1.8,0.0
9.8,0.4,1085504.0,950865.6,92873.6,336157.6,25.6,13480.0,2058.6,32280.8,16129.6,27268.4,31.8,64.0,3.4,1.0,0.0
10.4,0.0,1132734.4,1811170.4,71602.4,364172.0,261.6,0.0,2612.0,23175.2,15677.2,27834.8,32.8,63.8,3.2,0.6,0.0
8.6,0.4,1128873.6,1697207.2,84116.0,331660.8,3052.8,879.2,11133.6,26346.4,15424.0,29724.2,31.4,65.0,3.0,0.8,0.0
10.4,0.8,1120094.4,1381742.4,119420.0,348577.6,179.2,12108.0,1360.8,35412.0,16460.2,28881.2,35.2,60.0,4.0,0.8,0.0
9.0,0.2,1106392.0,3059926.4,131207.2,339996.8,773.6,0.0,1815.4,21356.8,14954.8,28388.0,35.2,60.6,3.6,0.8,0.0
6.8,0.0,1102451.2,2574400.0,136517.6,358178.4,158.4,0.0,1354.8,21549.6,15898.6,30268.8,35.6,60.4,3.6,0.2,0.0
7.6,0.6,1101631.2,2508760.0,137998.4,357197.6,99.2,0.0,172.0,18335.2,14124.0,26270.6,37.0,59.6,3.0,0.4,0.0
7.2,0.0,1095612.8,3174231.2,138462.4,368884.0,710.4,0.0,1059.8,21951.2,14754.0,28191.0,31.6,64.8,3.2,0.2,0.0
9.2,0.2,1094896.0,2956584.8,138668.8,370436.0,58.4,0.0,87.2,21096.8,14634.8,28325.2,35.2,60.8,3.4,0.8,0.0
9.4,0.4,1091260.0,3946324.8,138744.8,367578.4,19.2,0.0,117.6,19220.8,13789.2,25839.2,35.6,60.8,3.4,0.2,0.0
7.6,0.0,1090748.0,4284244.8,139092.0,382653.6,12.8,0.0,64.8,20115.2,14206.2,27766.6,36.6,60.0,3.2,0.4,0.0
7.0,0.2,1089724.0,3562742.4,139122.4,378698.4,48.8,0.0,71.2,18685.6,13534.8,24608.8,35.6,60.8,3.2,0.6,0.0
7.8,0.2,1089468.0,4956052.0,139137.6,385970.4,20.0,0.0,39.2,21652.0,14986.0,28901.0,39.0,56.6,4.0,0.8,0.0
9.0,0.2,1088700.0,5403932.8,139156.0,385018.4,11.2,0.0,28.8,20666.4,15780.8,28915.0,38.2,58.2,3.4,0.4,0.0
9.4,0.4,1088444.0,4553487.2,139204.0,381276.8,52.0,0.0,103.2,20956.8,14648.0,27678.4,38.4,58.0,3.2,0.4,0.0
7.6,0.6,1087880.8,5192502.4,139220.0,382851.2,16.0,0.0,39.2,20740.0,14903.4,27917.2,37.2,59.8,2.8,0.4,0.0
8.8,0.4,1087420.0,5111498.4,139228.0,386986.4,8.8,0.0,72.8,22649.6,15135.4,28348.0,38.6,58.0,3.4,0.4,0.0
9.6,0.2,1415907.2,4295248.0,139236.8,381404.0,9.6,125772.0,54.4,141324.0,13240.0,21489.8,35.2,60.6,3.2,1.0,0.0
8.2,0.4,1084768.8,4969326.4,139244.0,385029.6,12.8,0.0,46.4,21184.8,15265.4,28169.4,40.8,55.4,3.2,0.6,0.0
7.4,0.0,1084440.8,4829893.6,139262.4,386484.8,32.8,0.0,57.6,21250.4,15905.8,29277.0,42.8,53.4,3.0,0.6,0.0
8.2,0.4,1084356.0,5031941.6,139272.0,387287.2,0.0,0.0,75.2,21698.4,15405.8,29632.4,43.6,53.0,3.2,0.4,0.0
7.8,0.4,1083932.0,5292975.2,139284.0,383772.8,10.4,0.0,29.6,19821.6,14797.2,27118.6,44.2,51.6,3.6,0.8,0.0
7.6,0.0,1083904.0,5610395.2,139288.0,386831.2,8.0,0.0,19.2,16458.4,12255.6,22691.2,46.0,49.6,3.8,0.6,0.0
11.0,0.0,1083648.0,5795220.0,139292.8,383517.6,8.0,0.0,59.0,18045.6,14069.2,25088.2,43.6,52.0,3.4,1.0,0.0
9.0,0.6,1082009.6,5908660.0,139320.0,396456.8,494.4,0.0,1102.0,19568.0,14737.6,27458.8,44.6,51.2,3.8,0.8,0.0
9.8,0.2,1080934.4,5846860.8,139360.8,401936.0,2128.0,0.0,4825.0,16694.4,12618.6,23058.2,44.0,51.8,3.4,0.6,0.0
10.2,0.0,1102789.6,6175877.6,139400.0,432428.8,516.8,28542.4,588.0,47198.4,14809.4,26063.4,37.4,56.4,5.0,1.6,0.0
9.0,0.0,1071920.8,6353577.6,139400.0,432568.0,5.6,26214.4,44.8,46160.8,16075.2,27413.6,40.2,55.4,4.2,0.8,0.0
7.8,0.0,1060184.0,6543896.0,139400.0,435995.2,7.2,35.2,30.4,25987.2,17700.8,31611.0,50.0,46.0,3.6,0.4,0.0
8.0,0.2,1175463.2,595660.0,75629.6,339825.6,88.8,69990.4,864.8,87826.4,15836.4,22719.4,30.2,65.0,3.2,1.4,0.0
10.0,0.4,1118879.2,682476.8,48215.2,269607.2,250.4,43262.4,3824.4,62365.6,15414.4,23740.6,29.6,66.0,3.2,1.4,0.0
7.4,0.0,1135392.8,1763012.8,79550.4,341475.2,237.6,48.0,3464.6,23297.6,15443.2,28363.0,32.2,62.0,4.8,1.0,0.0
7.8,0.2,1130016.8,2644360.0,113316.8,348048.8,503.2,0.0,1955.8,21576.0,14204.6,26441.4,28.8,66.8,3.8,0.6,0.0
9.0,0.6,1115578.4,3542821.6,128462.4,372271.2,5092.0,0.0,5195.0,23952.0,15929.8,29391.0,31.0,64.2,4.2,0.8,0.0
9.6,0.4,1096327.2,2839420.8,134433.6,373310.4,1147.2,0.0,1188.8,23581.6,14336.2,29191.6,32.4,62.6,4.4,0.6,0.0
8.2,0.4,1095252.0,3288662.4,136534.4,387451.2,76.8,0.0,1571.8,22731.2,13888.6,26502.8,30.6,64.0,5.0,0.8,0.0
7.4,0.4,1094228.0,3468799.2,137360.0,384780.0,107.2,0.0,148.0,22204.0,15296.2,27822.4,32.4,62.0,4.8,1.0,0.0
9.0,0.4,1093892.0,3546647.2,137700.8,386680.8,38.4,0.0,77.6,17712.0,10984.8,19876.8,31.4,64.4,3.8,0.6,0.0
7.0,0.2,1093156.0,4312206.4,137915.2,389322.4,14.4,0.0,32.0,22371.2,16606.6,31104.8,32.2,61.2,5.4,1.4,0.0
7.0,0.2,1090133.6,5068636.8,138011.2,387354.4,43.2,0.0,115.2,24766.4,15327.0,29258.6,33.4,60.8,5.2,0.8,0.0
6.8,0.4,1089836.8,4888767.2,138048.8,393606.4,36.8,0.0,65.6,24800.8,16178.6,31070.0,35.0,58.2,5.8,1.2,0.0
8.2,0.2,1089602.4,5281020.0,138060.8,394618.4,112.0,0.0,161.6,21200.0,15000.4,28424.2,33.2,61.8,4.6,0.6,0.0
5.8,0.6,1088615.2,5354404.8,138091.2,390434.4,12.0,0.0,67.2,23648.8,15755.0,28895.8,33.2,62.0,4.4,0.6,0.0
9.4,0.4,1438212.8,4310750.4,138100.8,389925.6,1.6,142660.0,16.0,161368.8,14269.4,23673.0,32.8,61.6,4.6,1.4,0.0
8.2,0.4,1087758.4,3828205.6,138121.6,393037.6,77.6,0.0,105.6,25733.6,16543.2,31574.6,39.6,55.0,4.6,0.6,0.0
7.6,0.2,1087487.2,4340726.4,138132.0,391875.2,12.0,0.0,44.8,26487.2,16173.2,30608.6,37.4,57.6,4.6,0.8,0.0
6.4,0.6,1087004.0,4520352.0,138135.2,395776.0,51.2,0.0,95.2,23776.0,15466.6,28674.0,40.8,54.8,4.0,0.6,0.0
6.2,0.4,1086668.8,4507641.6,138151.2,399641.6,10.4,0.0,60.0,25666.4,15750.0,29800.8,38.4,56.0,4.8,0.6,0.0
8.6,0.2,1085535.2,4759104.8,138469.6,420731.2,13.6,0.0,39.2,24960.8,14786.6,29707.4,42.6,52.4,4.6,0.6,0.0
10.8,0.4,1085237.6,5370925.6,138500.0,410648.0,8.8,0.0,26.4,6119.2,4703.4,8001.2,38.2,57.8,2.8,1.0,0.0
9.6,0.2,1081464.0,5086808.0,138508.0,419111.2,1.6,0.0,27.2,20968.0,14005.2,25661.0,41.6,51.8,5.8,0.8,0.0
7.0,0.6,1434661.6,5550160.0,138648.8,419702.4,10.4,136987.2,20.8,156944.0,14826.8,25434.6,32.2,59.8,6.0,1.8,0.0
7.8,0.0,1072112.0,5744831.2,138652.0,420856.8,14.4,0.0,60.8,24287.2,15205.4,29272.8,38.4,55.0,6.0,0.6,0.0
7.6,0.0,1071856.0,5758364.0,138657.6,417572.8,1.6,0.0,72.4,24447.2,14440.6,28687.0,36.8,56.0,6.2,0.4,0.0
8.0,0.2,1071856.0,5884098.4,138670.4,418189.6,8.0,0.0,49.6,21796.0,14713.4,26657.4,44.6,49.2,5.0,1.2,0.0
12.2,1.2,1071241.6,6087232.0,138820.8,415661.6,489.6,0.0,1108.0,8845.6,6252.4,11225.0,47.2,45.8,5.4,2.2,0.0
5.4,0.4,1071088.0,6361403.2,138828.0,421832.0,6.4,0.0,36.0,22380.0,15679.2,27580.6,40.2,54.0,5.0,0.8,0.0
8.2,0.0,1071600.0,6594912.0,138828.0,423839.2,35.2,28.0,61.6,21388.0,14316.6,25793.0,46.8,47.2,5.8,0.8,0.0
10.2,0.4,1071088.0,1490514.4,138828.0,419455.2,11.2,0.0,21.6,6357.6,4557.0,7717.2,34.2,58.6,5.8,1.2,0.0
14.8,1.8,1070780.8,6302917.6,138828.0,398558.4,54.4,0.0,148.8,2445.6,2142.8,3139.4,30.8,65.4,1.4,2.2,0.0
6.6,0.6,1123985.6,1098032.0,54540.0,329680.8,348.8,12200.0,6811.2,31727.2,14577.8,25443.6,23.6,66.4,7.6,2.8,0.0
14.0,0.4,1119932.8,3745728.8,101192.8,347910.4,168.0,0.0,1120.0,12665.6,8006.6,14737.2,25.6,58.0,11.6,5.4,0.0
6.6,0.2,1111263.2,2455446.4,113880.8,365338.4,948.8,0.0,3010.8,20319.2,13618.6,25839.0,23.4,65.0,9.8,2.0,0.0
5.2,0.0,1096617.6,3382779.2,128078.4,372321.6,236.0,0.0,257.6,23811.2,15714.6,31343.8,24.8,66.4,8.4,1.2,0.0
6.8,0.4,1095622.4,4261959.2,133053.6,375787.2,2673.6,0.0,4225.6,18465.6,13804.6,25351.8,28.6,63.2,6.8,1.8,0.0
13.8,0.2,1094342.4,4040183.2,134808.0,381683.2,72.8,0.0,96.8,21013.6,14311.8,27443.6,23.6,63.0,11.4,1.8,0.0
12.0,0.8,1093830.4,5362734.4,135163.2,359272.0,60.8,0.0,323.2,1884.8,1716.2,2749.8,31.8,57.6,5.8,4.4,0.0
6.4,0.6,1093420.8,3092214.4,135588.8,379532.8,159.2,0.0,198.4,16463.2,10754.0,20077.8,23.4,69.2,6.6,0.8,0.0
5.4,0.0,1092908.8,4036361.6,136633.6,385932.0,11.2,0.0,42.4,19949.6,14323.4,25957.8,25.6,65.0,7.8,1.6,0.0
6.0,0.0,1092448.0,5116230.4,136957.6,387634.4,21.6,0.0,79.2,20602.4,13966.0,27226.4,27.0,63.6,8.0,1.6,0.0
6.6,0.2,1091936.0,5262844.8,137072.0,387913.6,28.8,0.0,87.2,22489.6,14799.8,27683.6,29.8,61.8,7.6,1.2,0.0
6.8,0.0,1091680.0,5041439.2,137281.6,388408.8,33.6,0.0,61.6,19639.2,16117.4,30459.8,28.4,60.6,9.2,1.8,0.0
7.2,0.0,1075854.4,5019789.6,137322.4,389025.6,80.8,0.0,102.4,22633.6,16412.4,30583.2,28.2,61.6,9.2,1.4,0.0
8.0,0.0,1549967.2,3569691.2,137359.2,393423.2,10.4,151714.4,57.6,169731.2,13855.0,24423.4,30.0,59.8,8.0,2.6,0.0
6.0,0.4,1075363.2,4552392.8,137439.2,390291.2,108.8,0.0,299.2,21392.0,14489.8,26937.0,31.2,59.0,7.8,1.8,0.0
7.6,0.6,1075023.2,4709856.8,137700.0,395112.8,4.0,0.0,50.4,20198.4,14295.8,26347.6,32.0,59.2,7.8,1.2,0.0
6.4,0.0,1074248.8,4719153.6,137704.0,398547.2,95.2,0.0,183.2,24312.0,16278.8,30603.6,33.6,56.8,8.6,1.6,0.0
8.0,0.6,1073810.4,4709094.4,137728.0,398675.2,17.6,0.0,72.0,24743.2,16209.8,31359.0,31.2,58.8,9.0,1.2,0.0
5.8,0.2,1073723.2,5279460.0,137728.8,397550.4,4.8,0.0,56.8,18415.2,12162.2,22708.4,35.6,54.8,8.4,2.0,0.0
7.6,0.2,1073492.0,5352481.6,137732.0,400697.6,19.2,0.0,52.8,22571.2,15086.4,28166.0,34.0,57.0,8.2,1.4,0.0
5.8,0.4,1537623.2,5334221.6,138417.6,401295.2,627.2,168089.6,1860.0,184575.2,14982.8,24511.6,24.6,65.2,8.6,1.8,0.0
7.6,0.2,1070868.0,5444496.8,138431.2,403258.4,100.0,0.0,135.2,20500.8,14567.6,27204.8,39.4,50.8,8.6,1.4,0.0
6.4,0.0,1132996.0,5808336.0,138455.2,401382.4,11.2,28059.2,33.6,53428.8,16486.4,31723.8,33.8,57.2,8.0,1.4,0.0
7.6,0.4,1147381.6,5919060.0,138458.4,407529.6,4.0,53847.2,23.2,74621.6,16226.8,28585.4,36.6,51.8,9.6,2.2,0.0
6.6,0.4,1103581.6,6317661.6,138479.2,404720.0,6.4,52428.8,14.4,73329.6,15545.4,26650.8,33.6,55.6,8.6,2.0,0.0
5.6,0.2,1069540.0,6444829.6,138497.6,408064.8,0.0,0.0,48.8,25086.4,15876.6,30477.8,35.6,54.8,8.4,1.6,0.0
6.2,0.4,1069540.0,6633731.2,138512.8,405841.6,2.4,32.0,48.8,25772.8,17601.8,34319.0,43.0,46.8,9.2,1.6,0.0
5.6,0.4,1069284.0,3834785.6,138532.0,403676.8,3.2,0.0,24.8,24186.4,17091.2,34110.6,21.2,67.6,9.2,1.8,0.0
7.6,0.8,1165951.2,1599832.0,33512.8,269548.0,13479.2,45909.6,20609.8,62067.2,15773.8,24410.4,15.4,72.6,6.8,5.2,0.0
5.0,1.0,1104263.2,4290409.6,80751.2,357553.6,4281.6,0.0,6907.2,21855.2,15426.4,29835.0,22.8,65.6,9.0,3.0,0.0
5.8,0.8,1093204.0,5112586.4,117369.6,360834.4,40.8,0.0,70.4,25812.0,15438.6,30609.4,20.0,70.2,9.0,1.0,0.0
5.0,0.6,1192316.0,1943828.0,131416.8,362446.4,14.4,68858.4,44.8,89600.0,16284.4,30888.0,20.6,68.6,8.4,2.4,0.0
5.2,0.2,1236631.2,2212860.8,135959.2,364381.6,21.6,86515.2,78.8,103318.4,14777.4,25876.4,18.8,68.0,10.0,3.4,0.0
6.8,0.2,1069117.6,4556592.0,138243.2,368028.0,38.4,0.0,341.4,22036.8,16882.2,32966.8,23.2,66.8,8.4,1.6,0.0
8.0,0.0,1068794.4,4442924.0,139304.8,368878.4,68.0,0.0,94.4,27008.0,17035.6,34484.0,25.4,66.2,7.0,1.6,0.0
5.4,0.0,1068702.4,3211144.0,139703.2,367879.2,8.0,0.0,64.0,21798.4,15639.0,30480.4,32.6,58.6,7.6,1.2,0.0
7.2,0.2,1068388.0,4095232.8,139858.4,365152.8,14.4,0.0,58.4,25089.6,17378.8,33765.0,25.0,64.6,8.2,2.0,0.0
7.2,0.4,1068008.0,3349908.8,139927.2,367216.8,14.4,0.0,41.6,24402.4,16992.6,34090.6,30.6,60.2,7.2,1.8,0.0
7.4,0.2,1067896.0,4286792.8,140395.2,374052.0,0.0,0.0,31.2,25036.0,17786.8,34452.8,23.4,64.6,10.0,2.0,0.0
6.0,0.2,1067581.6,4011744.0,140431.2,372600.8,35.2,0.0,74.4,25908.0,17758.0,33452.8,23.2,65.4,9.6,1.6,0.0
3.8,0.4,1067284.8,5440702.4,140452.0,367571.2,8.0,0.0,51.2,18590.4,12616.8,23445.6,24.0,66.6,7.6,1.8,0.0
5.8,0.0,1066936.0,5101968.8,140467.2,371411.2,0.8,0.0,35.2,20322.4,15270.4,30875.6,23.0,66.6,8.4,2.2,0.0
7.6,0.2,1066832.0,4187112.8,140484.0,376562.4,20.0,0.0,60.0,24868.0,16994.0,33300.0,32.4,56.0,9.6,2.2,0.0
5.8,0.0,1066526.4,4447972.8,140504.8,373797.6,7.2,0.0,25.6,24726.4,17105.4,33390.6,30.6,58.4,9.8,1.8,0.0
8.2,0.4,1825876.8,4060972.8,140516.8,369992.0,6.4,190903.2,35.2,209000.8,14153.8,24989.0,20.8,69.4,7.8,2.4,0.0
6.0,0.0,1064408.8,5126745.6,140587.2,374412.0,10.4,0.0,59.2,25664.0,16472.2,32295.6,30.8,59.4,8.6,1.4,0.0
5.6,1.2,1208667.2,4785860.8,140607.2,374735.2,8.8,86926.4,55.2,104844.0,15953.6,28348.0,28.0,60.2,9.6,2.4,0.0
5.0,0.0,1059388.0,5302162.4,140624.0,375805.6,11.2,0.0,33.6,25664.0,17600.2,33095.4,33.4,55.2,9.4,1.8,0.0
5.2,0.0,1339868.8,5298811.2,140624.0,375618.4,2.4,111809.6,44.0,133885.6,14667.8,27935.2,23.4,67.8,7.4,1.6,0.0
5.6,0.0,1398625.6,5238430.4,140633.6,376364.0,5.6,153882.4,25.6,172184.8,14756.4,24679.4,27.6,60.2,8.8,3.2,0.0
6.6,0.2,1059944.0,5322832.0,140648.0,376674.4,4.8,0.0,17.6,25792.8,17409.6,32628.8,36.6,53.6,8.4,1.4,0.0
7.8,0.0,1059688.0,5571642.4,140648.0,376330.4,0.0,0.0,20.0,20555.2,15011.8,28792.8,40.8,49.8,7.6,1.8,0.0
7.8,0.2,1059688.0,5965806.4,140656.0,373140.0,49.6,0.0,76.0,26508.0,14795.6,30029.2,31.4,63.0,5.6,0.0,0.0
6.4,0.0,1133404.8,6274977.6,140672.0,374698.4,72.8,52428.8,88.0,69908.8,13716.4,23763.0,24.2,62.6,10.8,2.6,0.0
5.6,0.0,1058588.0,6450784.0,140693.6,378220.8,5.6,0.0,24.8,23330.4,14128.8,28844.4,32.4,56.8,10.0,1.2,0.0
6.0,0.6,1059100.0,6629675.2,140696.0,380022.4,0.0,52.8,21.6,23792.0,18233.2,35922.6,42.4,46.8,8.8,2.0,0.0
