ipc,context_switches(K/sec),cpu_migrations(/sec),page_faults(/sec),branches(M/sec),branch_misses(%),L1_dcache_loads(M/sec),L1_dcache_load_misses(%),Swap Space,Idle Memory,Buffer,Cache,Swap In,Swap Out,blocks in,blocks out,Interrupts per second,Context Switches per second,User CPU time,System CPU time,avg latency
0.76,3.437,30.069,7782.4,195.995,1.55,248.983,10.46,1168137.33,104784,3714.67,235792,10036.17,87954.33,49237.83,88112.17,10993.67,12748.67,15.83,68.5,1.7
0.89,2.264,31.626,8852.48,275.877,2.03,321.82,10.5,1054831.33,136086.67,2135.33,255838,316.33,89211,33783.33,89392.17,7999.17,7347.67,17,68,1.35
0.92,3.102,11.377,19121.152,252.17,1.25,303.017,12.03,1095706,1702222.67,2116,281824.67,32306.83,43283.17,73755,43841,7649.5,11319,28.83,56,1.32
0.91,2.376,14.627,8076.288,270.282,1.23,313.461,11.26,1171800,128591.33,2681.33,191448.67,1015.5,73570.67,34275,73963.33,8076.5,8098.5,32,52.67,1.24
0.82,2.706,18.988,9110.528,256.107,1.05,296.477,10.86,1613062,104582,5110,258499.33,8180.17,144658.67,45522.33,144829.83,12450.33,9451.83,16.67,67.83,1.09
0.86,2.432,25.01,7383.04,243.038,1.35,269.934,11.97,1160566.67,103530,4398.67,236302,699.33,92527.5,40166.67,92758,8340.67,8946.33,19.33,66.17,0.94
0.85,4.25,11.563,28974.08,300.668,1.06,335.838,13.64,1015009.33,3553013.33,4146.67,248657.33,5388.33,5893.33,47512.33,6106.5,8312,18578,14.83,69.17,0.91
0.84,3.425,18.334,6629.376,238.993,1.53,275.612,11.83,1712802,126344.67,5379.33,310448.67,35786.17,108012.67,64434.5,108178.33,10771.17,10444.67,13.17,67.17,0.9
0.8,3.778,17.948,5359.616,218.959,1.55,256.801,12.79,1019320,112765.33,6100,252135.33,18897.67,70321.67,57783,70508.17,8860.17,11153.67,19.17,66.17,0.88
0.95,2.999,20.004,5806.08,311.054,1.33,370.254,11.04,907109.33,904820.67,5243.33,217748,2361,23064,44309.67,23222.5,6542.33,9286,28.83,57.17,0.86
0.9,2.237,13.23,17982.464,319.15,0.69,331.664,13.85,1464251.33,3042883.33,13015.33,428070.67,222.33,126812.33,325.33,126956.17,4925.67,7407.5,22.33,62.67,0.82
0.72,11.632,16.92,10855.424,239.167,1.2,275.816,11.62,1358706,105788.67,4452,241933.33,11938.33,125424.33,54816.67,126118.33,13017.17,28208,11,73,0.8
0.86,3.401,16.786,7606.272,286.509,1.04,323.203,12.4,1233936.67,678604.67,4916.67,275784,26048.33,65719.33,61262.33,65911.67,9774.67,12245.17,14.83,67.5,0.75
0.8,2.571,25.122,7291.904,225.316,1.2,242.688,12.51,1368096.67,102173.33,4953.33,230401.33,1831.83,120778.33,43540.67,120958,9721.33,9515.33,11.33,73.17,0.75
0.77,4.767,26.85,8275.968,228.459,1.33,268.993,11.27,1375912.67,101940.67,4184.67,244574,1265.83,138701,38964,138900.33,11988.67,14428.67,13.33,72.17,0.73
0.8,3.546,25.634,5921.792,253.094,1.32,271.569,13.95,1054493.33,107820,4674,260360.67,29957.67,77247.83,63536.33,77431.5,9700.83,11674.17,8.83,73.17,0.7
0.8,2.86,15.404,10158.08,274.895,1.02,306.669,12.4,1705824,102011.33,4314.67,258584.67,1734.67,150312,36397.33,150493.67,16136.5,8977,9.17,73.67,0.66
0.83,2.861,17.616,23734.272,283.886,1.11,314.919,14.14,1002860.67,992674.67,5891.33,273758,9194.83,5028.5,35604.67,5176.17,6633.83,10989.67,24.83,59.5,0.61
0.88,2.594,15.962,8528.896,256.37,1.35,297.089,11.2,1102272.67,103316,4345.33,224413.33,8954.33,83464.83,30316.5,83576,8677.83,8439.5,28,56.67,0.6
0.86,3.624,20.224,9701.376,254.349,1.61,294.728,13.39,973328.67,1697456,3426,262452,19718.83,25451.67,62680.33,25594,8685.33,12388.5,24.83,58.83,0.59
0.96,1.751,11.151,26264.576,301.35,1.05,353.166,12.81,1142292,1537164,3319.33,314572,451.33,92346.67,11544,92479.83,4170.17,6077,48.33,36.83,0.58
0.9,2.622,16.496,13005.824,305.291,1.11,339.982,14.07,888280.67,1717196.67,4506.67,247120.67,2666.17,10674.5,27162.17,10830.33,5717.17,9140.17,24.17,60.83,0.58
0.85,2.164,6.2,964.27,339.322,0.98,357.613,15.61,1003335.33,6497109.33,6711.33,356606,895.5,238,17135.17,373.17,4142,6932.33,47.17,38.33,0.57
1.2,2.262,10.597,15184.896,351.374,2.39,507.608,7.67,891382.67,5560184,17462.67,865394,488.17,158.5,16636.5,24128,4218.17,8010,54.67,30.83,0.55
0.87,2.068,16.3,20166.656,300.157,0.83,319.13,15.06,1046592,440528,3978,314552,137.33,71772.83,10319,71912.67,8987.17,7190.17,22,63.67,0.55
1.15,2.153,10.901,12509.184,385.039,0.7,486.921,10.16,1137944,5349016,9918.67,366774.67,117,80511.83,208,80640.33,4559.5,6862.33,38.67,47.5,0.54
0.96,1.285,2.374,43803.648,370.241,0.82,390.952,15.96,870085.33,4569260,12738.67,395124.67,45.67,192,71.83,344.5,2680.5,4864.33,40.83,45.17,0.53
0.8,2.669,21.032,8455.168,250.739,1.06,276.985,12.25,1365720.67,103027.33,3732,221432.67,900.17,129313,44669.33,129473.33,9919,9158.83,8.83,75.33,0.49
0.67,2.61,6.407,935.473,281.135,0.79,276.927,17.67,942947.33,6364344.67,8191.33,368634,970.67,240.67,15981.5,396.5,4977.17,9287,34.67,49.83,0.49
0.93,2.318,21.512,12527.616,285.711,0.98,313.742,13.83,1186446,3651506,6580.67,411433.33,727.5,98584.33,1038.83,98747.5,5201.67,7920.33,35.5,50.5,0.49
1.08,1.54,17.736,726.216,330.272,0.86,433.946,9.97,1465423.33,2546560,12737.33,364049.33,35.67,130577.17,59.33,130741.67,3844.17,5446.83,42.33,43.67,0.48
0.77,2.19,5.33,762.041,307.397,0.94,324.12,15.9,941508,6436688,7204,316616.67,187,215,17109.83,350.17,4275.83,7819,50.33,35.83,0.48
0.96,2.464,15.057,13769.728,291.655,0.96,330.014,12.47,1436368.67,3734250.67,7154,356270,35.83,119241,60.5,119417.33,5332,8610.17,40.83,45.33,0.45
1.15,1.642,7.994,13580.288,445.616,0.58,511.284,11.25,941844,6078746.67,4828,399482,107.5,22058,195.17,22188.5,3869.17,6176.33,35.33,50.33,0.45
1.08,2.349,15.713,10496,293.943,0.98,402.529,9.53,1044127.33,6087550.67,8974.67,387360.67,793.83,62786.67,1981.33,62961.83,6212,8230.83,47,38,0.44
1.22,1.782,8.866,9695.232,405.439,0.61,543.095,8.88,1461664.67,4218892.67,11388.67,456669.33,296.5,85528.67,366.67,85695.33,4377.33,6904.67,37.17,48.33,0.44
0.81,2.393,8.411,902.351,293.809,1,311.604,15.74,947730,6452329.33,2470.67,331107.33,767.5,235.33,19033.5,381.17,4594.33,8234.67,46.33,40,0.44
0.78,1.8,6.453,919.085,334.758,0.92,345.144,15.74,1010454.67,6408774,8073.33,340760,524.67,107.83,19357,251.5,3925.67,6699,45,39.33,0.43
1.15,2.05,3.619,23964.672,305.574,1.13,591.03,8.51,893746,2763525.33,12032,447220,51.83,91,65.5,242.67,3580.5,6913.83,59.83,25.33,0.43
0.66,11.942,18.648,17848.32,184.614,1.77,238.917,13.16,1300081.33,1459686,5287.33,301622.67,16551.17,73288.5,55532.33,73469.83,15087.33,28389.17,12.67,71.33,0.43
1.18,1.831,2.949,20166.656,454.571,0.59,565.651,10.88,858884,5017680.67,7046.67,419103.33,128.83,213.5,216.33,374.67,3713.83,6679.33,32.67,52.83,0.43
0.88,2.501,25.029,11054.08,276.949,1.18,303.055,12.32,1047871.33,200884.67,3433.33,230585.33,1186.83,84634.33,47164.33,84794.33,7325.17,7981.17,14.5,70.83,0.42
0.92,5.7,3.864,23187.456,345.196,0.88,383.022,14.96,697344,3705268,27140.67,645686.67,13.33,55.67,28.83,223.33,10178.67,23496.67,33,51,0.41
1.23,1.484,3.913,19963.904,351.206,0.92,611.051,7.95,959705.33,4277019.33,11210,424182.67,78.5,131.5,98,353.33,3006.83,5247.83,60,25.5,0.4
1.45,2.295,9.489,6008.832,436.21,0.46,813.455,6.13,939526.67,4560150,10731.33,402436,90.67,143.17,375.17,299.67,4307.83,8023.5,43,42.17,0.4
0.97,1.956,8.199,22639.616,350.661,0.84,393.596,14.23,697344,3433674,28237.33,646883.33,10.67,55.5,20.17,203.17,3664.83,6916.33,38.67,45.83,0.39
0.97,1.625,5.08,34146.304,393.043,0.79,430.687,14,916652,4352012,12837.33,414023.33,30,80.83,41.83,213.83,3347,5698.17,37.83,47,0.39
0.81,2.236,7.537,903.264,325.023,0.98,343.694,15.25,1013940,6470058,7832,347421.33,850.33,107.17,17828.33,285.5,4650.67,8188.5,47.5,37.33,0.39
1.01,1.786,4.408,21062.656,325.859,0.88,444.542,12.61,968302.67,4356537.33,11477.33,427215.33,48.33,83.67,75.83,217.33,3466.83,6464.5,40.17,44.83,0.39
1.07,2.363,16.041,8925.184,349.593,0.85,424.052,10.87,1221892,5243256.67,10352.67,423898,1164.83,99533.67,1392,99701.5,6010.33,8403.17,36.67,49.5,0.39
1.17,1.934,5.621,22284.288,371.146,0.76,511.444,8.82,964889.33,6173416,8890.67,378239.33,276.17,21958.67,914.33,22147.67,4439.17,6821.17,49.33,35.83,0.38
1.04,1.874,3.908,32660.48,294.084,1.1,453.248,10.78,959108,3915440.67,12013.33,424126.67,45.17,131.33,97.17,323.17,3418.5,6590.33,56.33,29.17,0.38
0.9,2.713,16.686,24577.024,304.877,1.2,339.277,13.41,1011957.33,882328,2164,263744.67,1493.67,17233.17,28248.17,17399,5640.83,9099.83,31.17,54.83,0.38
1.13,2.164,15.444,8528.896,358.909,0.72,467.877,10.03,1211830.67,5199205.33,10426.67,410312,178.17,89001.17,250.5,89183.67,5064.67,7706.17,34.67,51.67,0.38
1.07,2.208,16.236,8864.768,336.557,0.85,461.365,10.14,1566590.67,4232283.33,5925.33,409176.67,76.17,134775.67,229.67,134906.17,4755.67,7608,40.33,46.5,0.38
0.91,2.395,14.124,27106.304,321.594,1.14,353.805,14.31,925824.67,762562.67,9120,337719.33,492.33,23400.33,17638.83,23552,5094.33,7431,31,54,0.37
1.12,1.905,8.261,13090.816,279.639,0.8,452.638,8.12,1697386,3231705.33,11556.67,415952,178.83,102575.83,239.33,102745.67,4267.83,6566.5,41,44.5,0.37
1.04,1.944,10.161,16030.72,333.99,0.75,424.853,10.43,1598128.67,2614749.33,13118.67,466513.33,67.17,153365.33,104.5,153534.67,4969.5,7054,32,53.33,0.37
1.2,2.042,3.747,6060.032,372.943,0.73,552.112,8.96,912106.67,5609129.33,9840.67,422548,154.83,199.17,196.33,324.33,3887.5,7523.33,46.67,40,0.37
0.57,2.068,2.956,748.589,227.66,0.85,240.806,16.09,990920.67,6349700,6705.33,367976,490.67,126.67,17542.17,279.83,4085.33,7148.33,56,28,0.36
0.92,2.949,19.399,8381.44,313.399,1.21,347.668,12.05,1021100.67,1169334,4351.33,263245.33,1482.33,35520.83,32853.5,35668.5,7306.33,10566.67,26.17,59.67,0.36
1.14,2.303,6.704,10438.656,411,0.7,434.866,11.77,969447.33,6154440,9423.33,415100,1245.5,22044,3138.33,22341.17,5039.5,8067.17,40,45.83,0.36
0.85,3.287,15.392,17831.936,287.265,0.94,303.658,15.86,1064155.33,1576977.33,6713.33,275324,35950.5,42080.33,71474.67,42272.33,9283.5,12830,13.67,69.17,0.36
1.1,1.723,5.163,20172.8,395.683,0.71,447.96,12.45,891908,5303387.33,10760,411952,84.83,219,161.83,340.17,3091.17,6209,38,48.33,0.36
0.89,2.892,18.014,14584.832,290.219,1.32,335.97,13.03,933796,320712,4465.33,263099.33,4292.67,41709,33686.83,41842.17,6381.33,8972,30.17,56.33,0.36
0.89,2.569,12.996,24916.992,288.817,1.27,331.915,12.6,1036744,621078.67,4759.33,272959.33,1683,36380.67,30195.17,36526.5,5898,8407.67,31.17,54.67,0.35
0.96,2.074,4.37,48614.4,308.914,0.84,407.829,13.27,869417.33,2785840.67,14432.67,468217.33,60.5,157,129.83,353,3966.17,7276,40.5,45,0.35
1.28,2.275,2.622,10372.096,409.074,0.75,660.82,7.64,878822.67,5237050,5793.33,350419.33,147.83,165,375.5,269.5,4163.83,7677.67,56.83,29.17,0.35
0.98,2.362,15.37,13343.744,339.786,0.86,373.16,12.46,1522095.33,4004025.33,12485.33,362422.67,36.33,146839.17,60.17,146941,5078.5,7838,36.5,49.33,0.35
0.92,2.731,17.052,15495.168,310.757,1.54,376.163,11.77,922438,316149.33,5233.33,275489.33,2511,19271.17,38470.67,19449,6237.83,9571.5,33.33,52.83,0.35
0.9,2.338,7.57,33905.664,366.551,0.96,382.254,15.66,937673.33,3223442.67,3557.33,359468.67,918.33,212.67,14894.33,364.5,4645.33,8605.17,19.5,64.83,0.35
0.96,1.624,9.238,29349.888,354.927,0.89,387.668,14.89,862013.33,3979317.33,7866.67,416222.67,47.5,227.17,79,349,3022.17,5916.5,44.33,42.67,0.35
0.96,2.365,15.569,13925.376,362.774,0.72,391.842,12.65,1815097.33,3309456.67,12468,395120.67,65.33,120598.33,313.17,120736.67,5108.5,7926.83,25.33,58.33,0.34
0.8,2.229,3.618,787.108,284.655,1.22,327.802,13.73,1027597.33,6454910,5914.67,347895.33,720.5,168,18324.33,287.17,4469.83,8160.17,64.5,21,0.34
0.77,2.855,6.076,1454.08,249.897,1.28,285.636,14.68,934485.33,6379874,4633.33,311138.67,8469.17,186.17,16324.83,319.17,5943.17,10585.5,54.17,31.83,0.34
1.2,1.908,8.909,9224.192,375.076,0.87,577.538,8.28,914364.67,5627764.67,5319.33,342428.67,1691.83,21604.17,2691.83,21782.67,4026.17,6129.83,56.17,29.5,0.34
1.47,1.69,7.278,1560.576,474.691,0.53,837.833,6.53,910101.33,4975429.33,10316,413675.33,2786.33,177.83,4169.5,331.67,3829.67,6856.5,39.5,45.67,0.33
0.83,2.574,22.289,19677.184,281.708,0.99,300.456,13.87,1077618,494520,3530,233582,948.83,54376.33,33433,54538,7533.33,9435.33,16,67.83,0.32
1.1,2.134,12.392,9705.472,300.08,0.93,464.178,8.42,1660640,3697167.33,11132,443669.33,84.5,128125.33,101.5,128297.17,5042,7692.33,45.83,39.17,0.32
0.92,2.876,6.241,30828.544,317.919,1.06,365.347,14.43,1032497.33,3319793.33,7461.33,333404.67,14070.5,141.5,35970.33,286.17,7138.33,12311.83,38.67,47,0.32
0.93,2.763,11.99,14986.24,318.303,0.93,359.645,12.97,1409794,692973.33,3950,249992.67,373.67,119622,17288.5,119764.5,8786.17,7453.17,27.17,57.5,0.32
1.11,1.867,12.721,11231.232,259.025,0.94,489.953,9.22,892913.33,3664407.33,11396.67,402613.33,530.83,1674.5,1586.83,1847,2734.5,5665.33,41.5,44,0.32
1.17,1.674,5.914,16653.312,336.193,0.82,614.329,8.92,839667.33,3220685.33,11902,429206.67,44.83,187.17,325.33,364.33,3351.67,6091,44,42,0.32
1.19,2.465,5.246,11551.744,439.302,0.71,512.694,10.68,966381.33,6157970.67,9193.33,437262,380.33,194.17,648.5,302.67,4667.67,8611.67,46.5,39.5,0.32
1.13,1.948,9.325,10061.824,413.501,0.74,463.102,11.64,948726.67,6192706.67,4540.67,373297.33,534.83,22067.33,2982.5,22231.83,4343.5,7147.33,44.17,41.83,0.32
1.11,2.05,4.156,11128.832,356.198,0.88,548.373,9.87,697344,4009834,26184,645570.67,10,55.67,50.17,186.67,3702.5,6923.5,47.67,36.67,0.31
1.01,2.117,7.489,10937.344,366.732,0.81,418.701,13.58,697344,2411828.67,27847.33,647364,13.33,55.67,26.83,232.5,3643.17,7030.5,39.83,44.83,0.31
1.17,1.604,6.782,20158.464,454.982,0.7,552.53,10.81,971904,5129160.67,10686,373448.67,168.67,65,996.5,196,2609.5,5412.67,32.17,51.67,0.31
0.97,2.737,5.08,25117.696,348.069,0.9,390.345,14.57,900552,3258126.67,13289.33,434708,34.33,86.33,62.5,252,4578.5,9210.5,42.5,42.5,0.31
1.25,2.032,3.285,17515.52,367.259,0.58,633.616,7.57,1428494,2776058.67,12721.33,441888.67,35.33,78408.17,54.33,78661.17,4139,6745.5,38.83,46,0.31
1.42,1.811,9.828,14460.928,464.871,0.44,810.921,6.73,940764,5089768.67,10101.33,394290.67,57.33,143.17,91.17,283.67,3557.33,6630.33,42.83,42.83,0.31
0.97,14.958,8.737,569.929,233.72,0.88,420.876,7.66,1750974,731154.67,13714.67,429063.33,63.17,146261.83,125,146439.17,19441.33,48204.83,24.17,55.33,0.31
0.81,16.375,5.618,36566.016,202.365,0.99,356.938,12.02,922680,2073462,13982.67,428324.67,41.83,152,62.33,267.17,23108.67,53983.67,23.33,57.33,0.31
1.04,1.819,5.911,41287.68,330.598,0.85,493.643,11.68,870184,3131957.33,13389.33,462034.67,58.5,157.17,196.5,290.33,3522.5,6461.33,41,44.5,0.31
1.26,2.024,4.451,11902.976,435.515,0.72,648.103,8.51,859108,5318626,11196.67,365711.33,33.67,170.67,72.17,318.33,3508.5,7257.33,53,33.5,0.31
1.13,1.541,4.952,14812.16,334.093,0.94,544.754,10.07,858416,4384723.33,11924,363486,44.33,172.33,77.5,288.83,3048.33,5525.83,50,35.83,0.31
0.92,1.658,4.413,40852.48,354.175,0.84,373.186,16.12,870360.67,4396544.67,12286.67,395572.67,59.67,192.17,136.5,330.5,3259.5,5951.83,41,45.17,0.31
0.94,1.595,4.326,36878.336,363.076,0.81,389.479,15.67,941016,3835223.33,7590,329777.33,7867.83,193,19287.5,354.67,5058.67,8454.5,34.83,51.17,0.31
1.18,1.532,9.611,12954.624,372.81,0.86,616.387,9.61,871040,3926228.67,6236,409184,76.17,223.67,186.67,380.83,2905.17,5432,47.17,39.17,0.31
0.91,4.093,11.057,30261.248,276.804,1.1,324.891,13.15,1288592,1624440.67,7338,298744,33431.83,57083.5,68329.67,57387.33,8578.67,15469.83,27.83,54.33,0.3
1.15,1.533,4.242,13143.04,401.433,0.81,599.368,10.05,968857.33,4390075.33,11173.33,425609.33,53.67,83.67,66.5,194.17,2979.67,5475.67,46,39.33,0.29
0.92,1.777,3.91,34764.8,368.318,0.87,386.341,16.22,905876,4965134.67,12072,429730,27.67,85,40.5,214,3219.5,5997.67,41.5,43.5,0.29
0.97,1.835,7.37,51392.512,327.551,0.86,416.227,13.05,921757.33,3558407.33,12337.33,422912.67,26.17,127.17,64.67,377.67,3213.5,6409.67,44.67,40.67,0.29
1.1,2.503,4.747,15232,306.119,1.05,504.287,10.1,928903.33,3652418,11105.33,398676.67,70.83,137,90.67,523.67,4311.5,8664.67,55.33,30.33,0.29
0.77,15.4,4.115,26850.304,226.598,1.31,276.268,16.09,860568.67,5408336,7813.33,355153.33,53.17,169.33,77,325.83,22908.33,51277.67,31.17,55,0.29
0.9,2.09,15.046,23232.512,293.653,0.91,322.564,14.72,967469.33,609420.67,13271.33,427050.67,54.17,60473.33,104.17,60638.5,5768.33,6364.17,31.67,54,0.29
0.83,2.406,25.395,8135.68,265.432,1.14,282.218,12.66,1168106.67,102066.67,2607.33,215113.33,1207.33,95761.17,27064.5,95907,8957.17,8009.83,9.33,75.67,0.29
1.11,1.536,5.579,21495.808,352.61,0.81,575.824,10.19,890500,4078776,11538.67,415958,156.17,218.67,248.5,370.67,2882.17,5439.67,40.33,45.83,0.29
0.96,2.006,4.66,29067.264,343.684,0.89,425.442,13.92,697344,4322690,26449.33,645644,12.67,55.67,21.5,187.33,3436.67,6689.83,39.17,45.17,0.28
0.67,2.032,7.407,810.882,308.265,0.78,299.03,17.17,936148,6343877.33,7862,350148.67,375.67,91.17,15870.5,246.17,4251.33,7785.17,35.17,47.33,0.28
0.99,2.463,14.192,13924.352,346.347,0.75,419.802,11.6,1696990,4077281.33,11101.33,416069.33,40,131199.17,51.83,131295,5688.83,8580.5,28.17,56.17,0.28
1.35,1.753,2.622,14203.904,515.626,0.5,425.076,12.28,964852,6068856,8982,399018,152.67,98.33,1059.33,232.67,3514.17,6317,53.33,31.67,0.28
1.23,2.082,4.327,25177.088,368.092,0.79,566.177,8.26,931900,4434351.33,10772,421640,32.17,124.5,94.83,306.33,4222,7565.83,56,29.67,0.28
1.17,2.092,5.745,17654.784,320.811,0.95,465.912,9.67,946932,5015876.67,10344,390307.33,1300.83,135.83,3045,419,4079.67,7292.33,51.67,34,0.28
1.08,1.708,7.156,14838.784,357.725,0.7,426.817,11.74,1013685.33,6070118.67,9280.67,388053.33,348,21986.67,698.33,22132.67,3781.33,5621.5,36.5,49,0.28
0.78,16.392,4.786,31640.576,238.326,1.29,289.265,16.55,859618,3515946.67,9201.33,360153.33,57.17,169,111,347.5,20495,53774.83,32.67,52.83,0.28
1.11,2.287,4.617,14887.936,332.859,0.89,488.723,10.63,897572,5019466.67,10696,449202,76.17,199.67,154.83,330.83,4057.33,8371.5,47.5,38.83,0.28
1.14,1.759,10.149,11708.416,407.227,0.69,476.237,11.29,931830,6105570,9564,399381.33,533,22063,3624.5,22240.83,3739.17,6009.83,39.5,46.33,0.28
1.09,1.99,15.224,8775.68,317.057,0.91,477.989,10.45,974401.33,4853266,5589.33,399672,638.83,26843.17,1167.17,27024.33,4200.5,6601.67,40,46.17,0.28
0.98,1.735,4.12,27512.832,392.139,0.81,424.153,15.36,861420.67,3269128,8120,413014,58.83,228.33,145.5,373,3215.5,6201.5,39.67,47,0.28
0.83,21.772,5.996,56990.72,270.018,0.78,329.866,14.95,941522.67,3214310,14043.33,420651.33,8414.67,108.83,8452.33,266.5,7851.17,66301.33,32.33,51.17,0.27
0.68,1.462,4.994,778.017,234.573,1.09,263.99,14.56,1038288.67,6483863.33,6213.33,339372.67,687.5,154.33,18992.17,302.17,3434.5,5683.33,62.5,22.67,0.27
0.94,1.947,6.829,48701.44,310.745,0.93,357.676,14.51,921249.33,3807694,12989.33,425639.33,42.83,127,92.67,257.5,3163.33,6862.5,51.17,34.17,0.27
1.15,2.051,12.761,14107.648,407.256,0.54,491.718,9.79,1550065.33,4398010,11197.33,419700.67,707.33,150403.17,844.5,150930.5,5289,7601.17,25.67,59.33,0.27
1.22,1.65,5.495,22864.896,315.319,0.65,660.616,7.95,923704.67,2412842,12922.67,430750.67,48.5,149.67,123.17,514.83,3295.67,5750.67,38.5,46.67,0.27
1.19,2.169,2.997,21481.472,378.236,0.7,545.757,9.18,967115.33,4753245.33,19594.67,1014190.67,113.5,14656,289.83,14817.17,4156.17,8142.5,44.33,41.33,0.27
0.97,1.604,4.121,48178.176,373.535,0.83,406.923,14.67,855292,3462892,22716,1039950,194.83,161.83,413.5,403.5,3040.83,5389.5,44.17,41.5,0.27
1.25,1.337,4.699,8471.552,435.409,0.72,671.526,8.6,859508,5514934,10896,364270.67,32.33,170.17,56.17,312.67,2752.33,4765.83,54.5,31.83,0.27
0.87,2.678,16.951,11628.544,291.762,0.91,316.497,12.72,1313778.67,102607.33,7490,332972,10553,127180.33,12737.67,127374.17,10368.67,8378.33,17.67,67.17,0.27
1.19,1.979,2.873,14336,365.195,0.72,543.66,9.45,938814.67,5620131.33,9597.33,365636.67,195.67,188.5,826.67,319.5,3202,6788.17,47.67,38.83,0.27
0.86,2.599,19.049,20627.456,268.374,1.25,294.96,13.57,929448,603171.33,5148.67,241159.33,1077.17,22179.33,27904.83,22349.17,6165.17,8346.17,27.17,59,0.27
1.14,2.365,4.539,17588.224,354.686,0.83,552.967,9.92,890670.67,4688410.67,11040,412638.67,77.5,218.83,157.33,322,4334.5,8308.17,46.33,39.5,0.27
1.01,1.628,6.363,30344.192,365.256,0.81,470.177,13.16,885321.33,4330522.67,12002.67,430378.67,740.83,219,961,332.33,3192.67,5774.17,36.67,49.67,0.27
1.23,2.303,3.994,838.753,456.065,0.7,709.134,8.54,708720,5037973.33,25306.67,647998.67,10.67,55,30.17,246.67,4033.67,8205.5,46.83,37.5,0.26
0.88,2.406,16.176,22668.288,294.519,0.95,322.898,13.83,931850,645720.67,5638,265772,1884.67,28363.83,20526.5,28518.17,5626,8695,28.17,56.5,0.26
1.12,2.095,5.533,13031.424,309.338,0.78,534.996,9.71,938174.67,3762618.67,11535.33,389293.33,933.33,66.33,980.33,202,4056.67,7401.5,35.5,48.67,0.26
1.15,2.538,4.747,15933.44,359.421,0.97,513.142,9.13,991344,6131224.67,9353.33,378976,5212.33,88.17,7521,237.17,5162.83,9347.5,56,29,0.26
1.21,2.076,4.913,25860.096,358.435,0.58,554.202,7.72,1520104.67,4591795.33,10978.67,440972,937.33,75668.67,1015.17,75841.17,3779.33,7175.83,34.33,50,0.26
1.1,23.342,2.956,39514.112,242.753,0.89,652.28,7.15,905900,1617836,13809.33,446304.67,55.33,107.17,139.67,347,8544.67,70774.5,42.5,40.33,0.26
0.76,13.67,7.309,42438.656,245.134,0.99,280.589,16.71,927796,4008152.67,8407.33,381434,541.83,157,16318.5,305.67,21417.33,53823.17,22.83,60,0.26
0.8,12.418,7.531,31582.208,221.041,1.19,277.297,15.11,859656,1759945.33,9504.67,358629.33,63.83,316.33,137.67,442.17,16058.33,36848.83,33,52.83,0.26
0.95,2.285,21.31,10955.776,315.299,0.9,349.574,14.19,1007900.67,2304578.67,13355.33,457448.67,52.83,66718.17,142.17,66957.33,5626.67,8095.67,37.33,48.67,0.26
0.91,2.306,18.427,20675.584,306.126,1.24,336.672,12.91,935452,439062.67,6609.33,251947.33,613.83,43010.17,29147.83,43158,6139.5,7864.5,26.17,60,0.26
0.91,20.492,4.162,18769.92,221.404,0.94,383.823,10.07,858500,4850332,7604,420621.33,52.83,213.33,113.67,382.5,28994.33,68119.33,17.17,67.67,0.26
0.98,1.7,4.536,29977.6,391.557,0.76,414.547,15.28,884340,4175264,13108,433364.67,50.17,218.83,80.33,360.67,3309.67,5965.83,36.17,50,0.26
0.98,1.791,4.539,28391.424,390.342,0.82,418.258,14.61,864656,4695262.67,7256,410524,67.5,226,110.33,376.67,3488.17,6494.33,40.17,46.5,0.26
0.9,2.13,13.966,30479.36,308.751,0.95,338.916,14.61,974104.67,1046251.33,7156.67,353382,346.33,31270.5,13762.67,31435.67,5366.83,7500.83,34,52.5,0.26
1.11,1.973,9.494,18533.376,413.416,0.57,504.194,11.03,944702,6073060.67,9172,381102,381.67,9644.67,1403.67,9821.67,3643.33,6533.5,27.17,56,0.25
0.84,3.132,15.026,13150.208,292.658,0.79,316.692,14.43,1356100,389043.33,5388.67,274510.67,6928.83,132150,24291.33,132278.33,11157,9289.33,11.83,72,0.25
1.11,2.104,5.494,20242.432,420.588,0.7,503.425,11.68,939044,5245892,10289.33,402554.67,129.33,74.67,175.17,219.83,3950.83,7297.33,39.5,44.67,0.25
0.92,1.929,9.24,33885.184,359.848,0.81,378.328,15.72,916756,4237544.67,12249.33,415711.33,24.67,79.5,36.5,241.17,3790.33,6677.83,34.67,50,0.25
1.48,2.08,7.12,10255.36,452.416,0.66,865.751,5.46,947794.67,4696672,10096,389651.33,73.5,116,116.67,224.33,3376.67,6920,60.17,25.33,0.25
1.18,2.579,4.277,24159.232,353.272,0.87,511.64,9.18,960729.33,4682512.67,10910.67,420847.33,1505.17,131.5,1915.5,276,4936.67,8756.67,57,28.67,0.25
0.75,3.425,7.773,1967.104,234.892,1.29,272.535,14.63,1057136,6457962,6292.67,319299.33,14029.33,162.83,32196.5,290,7672,13438.17,50.33,34.67,0.25
1.46,3.029,5.661,1477.632,403.179,0.54,784.295,5.91,939828,4970875.33,10334,440589.33,9101.17,154.17,11481.17,360.67,6424.17,10787,46.33,39,0.25
0.88,14.995,11.614,15604.736,278.907,1.07,325.429,12.2,1421735.33,3317270.67,7484.67,357519.33,65.17,127414.17,127.17,127563.33,14284.33,46948.67,33.17,52.83,0.25
1.06,2.108,12.657,17146.88,345.745,0.62,377.933,11.94,1087838,5697669.33,10002.67,404120,729,65713.5,1066.33,65872.67,5538.17,7599.5,24.17,60.17,0.25
1.06,2.279,16.102,10050.56,346.418,0.81,426.531,10.42,1184281.33,4895688.67,10465.33,382094.67,41.67,124261.67,925.33,124446.83,5354.5,8191.5,38.5,47.5,0.25
0.81,2.04,4.823,727.526,281.499,1.02,303.575,15.36,990929.33,6421499.33,6520.67,402056.67,1092.33,222.83,15343.5,365.33,4144.17,8078.17,52.67,33.67,0.25
0.89,1.927,4.995,35068.928,344.375,0.75,350.916,16.63,903527.33,5125518.67,12829.33,395766,27.33,67.83,55.67,212.83,3570,6653,29.17,54.67,0.24
1.13,1.784,4.283,17312.768,353.309,0.95,506.461,8.97,1030301.33,6142085.33,8600,379883.33,215,123.67,931.5,266.17,3162,6128,60,25.5,0.24
1.15,2.083,9.896,7972.864,302.068,0.93,427.996,8.61,1335515.33,5242568,9974,403320,615.83,77651.17,972.83,77818.33,4694.33,6857.5,50.67,34.83,0.24
0.79,12.25,3.577,37990.4,225.861,1.26,274.365,15.97,957956,4755056.67,12650.67,428410,59.83,131.17,95.67,281.67,17321.17,42369.33,38.5,46.5,0.24
1.18,2.051,6.036,27563.008,306.327,0.69,678.091,8.19,923332.67,2144661.33,13339.33,429884.67,55.83,149.5,112.33,436.17,4110.17,7277,37.33,48,0.24
1.03,1.909,18.134,2207.744,316.474,0.88,375.932,9.99,1504314,3839956.67,20053.33,1014881.33,74.83,185584.83,344.67,185934.67,5021,6306.33,34.5,50.67,0.24
1.2,2.098,9.532,7186.432,357.712,0.82,573.677,8.25,976868,5635504.67,9789.33,376227.33,1166.83,11329.83,2721.83,11501.67,5239.83,8409,43.5,41.67,0.24
0.84,3.394,23.521,11677.696,263.748,1.43,310.249,12.28,954143.33,864864.67,5525.33,269470,14544.83,45686,50162.67,45777.83,8442.33,11045.67,20.17,64.5,0.24
1.01,1.986,10.773,27837.44,298.594,0.94,426.342,12.11,889781.33,4164594,11434.67,457387.33,175,194.5,470.17,373,2978.83,7191.17,47,39.17,0.24
0.94,1.862,4.745,36247.552,343.577,0.91,368.414,15.74,883044,5079204.67,12141.33,464201.33,225.67,195.5,274.83,370.67,3241,6466.83,45.33,41,0.24
0.78,17.245,4.121,30758.912,202.855,1.27,307.611,13.92,882608,4473191.33,12049.33,451230.67,76.83,199.83,139.17,361.67,23570.67,54929.67,26.17,59.17,0.24
0.96,2.17,3.747,28551.168,371.656,0.85,402.799,15.24,873900,4241366.67,12358.67,451859.33,102.17,201,167,293.5,4427.67,8658.17,39.5,46.5,0.24
0.79,2.399,7.118,1162.24,309.266,0.98,327.406,15.65,928397.33,6424916,8378.67,353887.33,512.17,234.33,10245.67,366.83,3925.17,7508.33,47.33,38.5,0.24
0.88,2.742,19.453,10038.272,280.782,1.25,318.929,12.85,972832.67,195504,4956,245234.67,16454.83,43568.5,37699.83,43740.33,7046.67,8600.17,25.67,60.17,0.24
0.96,2.41,19.607,10221.568,313.522,0.88,344.522,13.07,1081168,3715128,6902.67,413224.67,82.83,93556.83,113.67,93689.33,5781.67,8322.83,35,51.33,0.24
1.14,1.845,5.475,14180.352,389.274,0.62,593.318,10,910628,4109693.33,11085.33,416800.67,45.67,59.5,76.17,239,3515.83,6773.67,29.33,54,0.23
0.99,1.684,4.621,33796.096,353.854,0.79,487.959,12.5,933609.33,3674035.33,12166.67,390677.33,52,66.33,63,212,3231.5,5791.83,35.17,49.33,0.23
0.87,2.477,24.014,16401.408,298.922,1.27,322.839,12.82,1047699.33,237500.67,6068,250965.33,800,78983.17,27791.83,79156.83,7172.17,8683,16.5,67.83,0.23
1.09,2.307,11.908,9735.168,405.031,0.86,437.25,11.68,1024395.33,6184063.33,9457.33,392168.67,2839.67,21929,4940.67,22101.5,4947.33,8114.17,42,42.67,0.23
1.32,2.217,6.235,7439.36,357.974,0.57,602.21,6.67,1040657.33,5100548,10317.33,426476.67,70,70231.83,125.67,70376.17,4754.67,7523.83,44.17,40.17,0.23
1.23,1.72,3.448,16169.984,308.713,1.06,625.268,7.58,959193.33,3497530.67,11552,426529.33,47.17,131.33,125.17,417.17,3195.17,5979.83,60.5,25.17,0.23
0.89,15.978,5.243,28158.976,283.027,1.1,350.742,13.61,931178.67,4334317.33,13256,432730,63.83,132,129.17,391.17,14906.17,55454,40.5,44.83,0.23
0.73,15.89,7.552,39029.76,225.952,1.17,270.95,15.62,923212,4353362.67,8782,310203.33,51.17,151.83,28444.67,651.17,18854,51383.83,24,56.33,0.23
1,1.57,8.358,28542.976,387.893,0.84,431.436,14.45,856094.67,3270113.33,13886.67,363252,27.67,176.83,51.33,322.5,3208,5578,43.67,42.67,0.23
1,1.884,3.456,23519.232,365.463,0.73,428.733,13.8,838662.67,3296577.33,13442.67,433079.33,57.5,186.83,102.5,313.33,3367.67,6544,34.17,51.17,0.23
0.96,2.138,5.952,22456.32,370.132,0.77,403.183,14.81,883956,3523759.33,13717.33,434426.67,54.83,218.5,85.67,353.17,3759,7239,34.33,52,0.23
1.11,2.211,3.861,17397.76,386.062,0.84,509.648,10.72,697344,5023612.67,25582.67,646166.67,8,55.83,17.5,184.67,3484.67,7485.5,48.83,36,0.22
0.98,2.263,4.12,25951.232,346.131,0.89,432.167,13.63,697344,3726904,26806.67,645685.33,13.33,55.67,22.17,226,3438.67,6738.5,41.33,43.17,0.22
0.96,1.873,7.236,25050.112,365.251,0.85,393.557,14.66,697344,4499636,27484,645702.67,10,55.67,18.83,196,3551.5,6909.5,40.5,44.33,0.22
0.92,2.003,9.738,36039.68,367.469,0.8,391.208,16.16,917034.67,4459643.33,11916,415418.67,54.67,79.67,66.5,231.33,3372.33,6713.83,35.5,49,0.22
0.99,2.394,19.55,7549.952,348.142,0.83,382.037,12.61,1216454.67,2194060,13033.33,434791.33,58.33,128066.17,141.17,128229.33,5490.33,8362.33,31.5,53.33,0.22
0.77,17.591,5.299,29615.104,249.842,1.14,302.437,15.5,984684,3174036.67,3306.67,358987.33,1060,86.67,15907.83,225,24890.17,61518.67,19.83,64.83,0.22
0.97,1.945,3.824,33276.928,314.651,0.99,378.514,13.2,894354.67,2873387.33,11902,424106,31.67,713.5,93.33,893.83,4430.17,7010.17,49.5,35.83,0.22
1.46,2.028,5.745,7577.6,389.224,0.58,723.104,5.71,1043767.33,5166020.67,9809.33,389426,430.17,18191.83,528.17,18544.17,4154.33,7205.5,54.17,31.17,0.22
1.28,1.623,4.578,25839.616,421,0.74,597.118,8.22,932326.67,4630463.33,10421.33,415499.33,119.67,124.67,271.33,265.17,3253.67,5594,56.5,29,0.22
1.04,1.455,4.33,36960.256,287.888,1.03,458.048,10.76,922052,2805006.67,12080,422456,58.17,125.83,83,384.83,2830.83,5310,55,30.67,0.22
1.37,1.703,2.79,3926.016,436.795,0.71,715.182,7.17,948468,5143459.33,9454.67,373813.33,88.83,135.83,201.5,251.83,3337.5,6049.17,58.33,27,0.22
1.12,2.201,5.2,27189.248,321.331,0.82,596.07,9.43,872376,3209630,12670.67,460740.67,67.83,155,89.83,284.33,4172,7781.5,45.17,40.5,0.22
1.21,1.999,3.788,25979.904,404.329,0.73,566.455,9.26,863601.33,4081108,20512,1021063.33,227.5,160.83,718.83,295.17,3503,6770.17,52,33.67,0.22
0.79,10.832,6.368,12942.336,187.845,1.25,236.631,14.57,860346,3546666.67,8153.33,359113.33,80.5,169.33,117,351,14564.67,38207.17,34.67,51.17,0.22
0.82,17.148,7.118,29239.296,269.746,1.16,328.558,15.37,860244,2060359.33,9960,361995.33,91.83,169,115.67,316,20000.67,57599.17,32.17,53.33,0.22
1.12,2.141,9.986,17346.56,417.235,0.59,519.803,10.89,976567.33,6110293.33,9533.33,402364.67,191.67,22022.83,343.5,22156.67,4703.5,7715.33,29.67,55.33,0.22
1.23,1.969,7.742,16721.92,318.728,0.65,621.046,8.13,886048.67,3205624,12621.33,425829.33,317.67,179.5,658.17,360.67,3697.5,6613.5,37.67,47.5,0.22
0.97,2.069,6.111,42301.44,347.377,0.67,475.655,12.99,883010,3344058,13334.67,428750.67,79.67,180.67,184.17,324.5,4096.83,7563.83,26.67,58.17,0.22
1.11,1.621,4.067,18508.8,334.166,0.77,572.056,9.98,839319.33,2604442.67,12574.67,431512,98.17,187,129.83,332.83,2888.83,5368.67,40.5,45.17,0.22
0.97,1.98,2.998,40499.2,346.795,0.89,387.34,14.03,869829.33,3927350.67,12977.33,396456,49.67,191.83,83.83,313.67,3512.5,6545.33,45.5,41,0.22
1.28,2.138,4.446,5224.448,423.931,0.69,677.842,8.06,963568,5591092,9554.67,434440.67,195.67,194.33,284.83,310.83,3404,6958.67,54,32.17,0.22
0.72,17.089,6.036,21679.104,214.915,1.3,265.402,15.46,718588,696282.67,25205.33,549030.67,72,6465.5,500.5,6624.5,24563.5,59465.5,20.5,62.67,0.21
1.14,2.177,6.788,23220.224,443.49,0.52,537.042,11.17,933665.33,5733240,9556,391446,267,58.83,406.33,159,3937.83,7591.17,25.33,57.5,0.21
1.27,2.052,5.329,24200.192,340.948,0.75,671.917,7.28,920430.67,3375084,12005.33,415793.33,34.17,117.17,68.67,241,3409.5,7077.17,54.67,30.83,0.21
0.71,2.886,4.698,1585.152,239.657,1.34,281.811,13.94,1034184,6416167.33,7556,340512,13317.5,153.67,32947.33,293.5,7146.5,12681.17,54.67,30.5,0.21
0.87,3.041,15.585,10523.648,278.718,1.14,329.16,10.75,1604260.67,103586,4070,239118.67,3629,150760.83,48637.83,151182.67,12215.33,10099.83,19,65.5,0.21
1.17,1.848,2.456,20349.952,393.093,0.8,526.95,9.7,947998.67,5126438.67,9947.33,374573.33,302.17,135.83,729.33,305.67,3319.67,6758.17,53.83,31.83,0.21
1.16,2.278,8.03,30835.712,388.205,0.6,592.286,9.45,1292828.67,4361346,11734.67,425111.33,88,50424,437.67,50557.17,4420.67,7886.83,29.33,55.5,0.21
1.13,2.029,5.116,20395.008,389.754,0.79,512.23,10.2,967437.33,6108482,9246,421490,1471.17,153.83,3150.17,310.5,4231,7504.83,41.67,43.67,0.21
0.92,2.275,13.603,22640.64,361.525,0.64,378.354,13.05,1568661.33,2081470,13744,426540.67,57,171629.5,81.33,171732,5378.33,7586.67,20,65,0.21
1.34,2.284,4.414,3449.856,446.774,0.56,761.93,7.31,898078.67,5068652,10203.33,384525.33,348.83,186.17,638.67,344,3887,7711.5,42.5,43.33,0.21
1,1.502,3.956,34916.352,397.912,0.79,433.277,14.75,866078,4185360,13264,396082.67,55,191.83,81.17,293.67,2906,5173.83,42.5,43.5,0.21
1.11,2.197,4.073,17112.064,356.852,0.89,559.597,10.56,896889.33,4525119.33,11112,453291.33,102.17,199.5,167.33,381.5,4238.33,7783.33,43.17,42.83,0.21
0.91,2.428,3.373,37911.552,380.375,0.74,392.605,15.9,856665.33,4295769.33,9905.33,433122,73.5,212.83,102.83,379.33,3848.83,8350.17,31.17,55,0.21
1.15,2.141,3.949,13237.248,503.305,0.72,586.431,10.88,708656,5687731.33,24988.67,645143.33,10.67,54.83,42.17,192.5,3505.67,7591.67,48.83,34.83,0.2
1.13,1.782,4.706,22333.44,412.429,0.57,565.244,10.47,910884,4735832.67,10578.67,413340.67,29,59.5,71,202.5,3429.17,6450.33,30.83,52.33,0.2
0.9,2.243,7.952,36092.928,363.401,0.63,375.137,15.96,905468,3855385.33,13108.67,422162.67,99,59.83,109,190.83,4840.33,7918.5,22.83,60.5,0.2
0.9,1.872,4.452,37852.16,366.308,0.74,370.324,16.78,902293.33,4299355.33,13171.33,398388.67,36,67.67,47,235.33,3519.83,6691.17,30.5,53.67,0.2
0.95,1.887,4.789,29847.552,378.453,0.82,411.82,14.99,915884,3592174.67,13140,419914.67,20.67,80.83,44.5,211.17,3627.67,6831.5,37,47.83,0.2
0.96,2.31,3.533,24827.904,374.193,0.85,406.901,15.05,905022.67,4107123.33,12631.33,433770,102.33,85,327,274,4105,7905.67,38.5,46.5,0.2
1.66,2.025,1.915,570.157,468.638,0.4,1026.048,4.49,943474.67,4419549.33,10612,427683.33,94.67,100.67,166,233.67,3811.5,6928.5,57.33,27.67,0.2
1.28,1.561,6.229,16470.016,394.643,0.94,632.46,7.08,961668,4971110.67,10309.33,411501.33,1092.5,131.5,2103,406.67,2749.83,5538.67,64,21.67,0.2
1.01,2.117,3.706,33130.496,331.031,0.97,442.979,12.65,928612,3950031.33,11493.33,400894.67,48.67,137,90,280.83,4095.5,7239.5,47.83,37.83,0.2
1.11,2.033,13.235,20659.2,390.043,0.53,359.972,12.5,1039876.67,5766999.33,9701.33,391330.67,165.33,67884.33,438.67,68006.83,4621,6945.5,28.17,57.17,0.2
0.99,18.411,3.913,16251.904,270.759,0.95,448.62,9.68,888737.33,5111050.67,19149.33,1011838,394.83,158.33,605.67,300.17,23602.5,60740,32.67,51,0.2
1.19,1.693,2.66,18445.312,367,0.89,620.863,8.99,864710.67,3941665.33,6794,356991.33,91.83,166.67,157.83,363.17,3211,6114.67,54.33,31.67,0.2
0.97,2.271,9.194,25743.36,367.083,0.86,401.801,14.54,872918.67,4570969.33,12991.33,454475.33,70.17,200.83,98.33,359.33,3960.33,7575.17,41.33,45,0.2
0.76,2.155,5.079,664.44,313.297,0.82,315.132,16.52,936209.33,6312012.67,4338.67,388874,235.5,239.33,373,405.17,4327.33,7918.33,41.5,43.83,0.2
0.9,1.676,5.783,42876.928,377.277,0.74,379.424,16.96,857049.33,4445632,9554.67,432363.33,50.83,212.83,232.83,399.5,3298.83,6280.67,29.5,55.83,0.2
0.87,2.398,25.225,10113.024,268.712,1.17,293.07,12.41,1071479.33,190291.33,2884.67,213187.33,1533.5,73261.83,40809.17,73429.17,6674.83,8236.5,15.17,70.5,0.2
0.81,1.974,5.498,684.97,363.96,0.96,389.642,15.19,708485.33,5807242,24601.33,645804,16,105.67,43.5,233.83,3530.67,6809.33,50.67,33.5,0.19
0.89,2.454,14.958,24642.56,308.246,1.17,335.789,14.03,795920,793750.67,2278,289334,328.33,18754,28085.5,18914.33,5311.33,9222.67,29.5,54.17,0.19
1.24,19.244,5.308,10112,327.668,0.53,627.947,5.96,911652,4830926.67,10087.33,403705.33,61,59.5,186.33,198.5,25058.83,61674.83,24.17,56.83,0.19
1.15,1.664,4.535,17047.552,438.797,0.58,508.522,10.94,985985.33,6151202.67,9549.33,354961.33,573.33,64.67,1188.5,261.67,3197.17,5881.17,34.83,49,0.19
0.93,1.993,9.365,29887.488,368.736,0.82,391.183,15.2,916378.67,4634932.67,12573.33,417461.33,104.67,79.5,144.5,227.17,3613.83,6603.17,35.67,48.67,0.19
0.96,2.548,5.245,30966.784,356.247,0.88,432.136,14.11,967748,4455865.33,11789.33,432650,31.67,83.67,264.5,224.67,4641,8916.33,38.83,46.17,0.19
1.21,1.862,3.871,15875.072,306.637,1.04,594.362,8.02,894580,3657246.67,11440,445323.33,141.83,91.17,236.17,271.5,3567.33,6723.67,59.83,25.17,0.19
1.05,1.747,3.408,22369.28,319.072,1.06,458.07,11.21,893266.67,3108722,12286.67,446580,36.5,91,94.17,260,2982.83,5964.5,56.33,28.83,0.19
0.95,1.45,2.582,49690.624,343.234,0.97,387.999,14.52,892910.67,4246058,12521.33,445874.67,26.33,90.83,40.17,210,2270.5,5103.67,54.17,31.17,0.19
1.01,1.587,3.369,40252.416,304.57,1.08,429.077,11.82,958894.67,3896064,12396.67,428032.67,71.83,131.33,90.5,649.17,3241.5,6007.67,57.17,28.5,0.19
0.87,2.834,14.875,7444.48,252.535,1.44,300.404,11.81,1024699.33,169454.67,4840,247989.33,13620,59988,49933.5,60127.83,7586.33,9126.17,29.67,55.67,0.19
1.22,1.566,3.581,18894.848,360.235,0.87,659.226,8.24,859009.33,2825446,21274.67,1020025.33,35.5,162,58.67,289.83,2968.33,5788,54.5,31.33,0.19
0.62,17.746,4.415,1036.288,184.125,1.48,228.311,16.26,859127.33,6300823.33,10278.67,361974,75.17,190.33,99,292,26995.83,58729.17,31.67,54.5,0.19
1.14,2.006,5.331,19873.792,396.377,0.8,527.908,10.64,956654.67,5230158.67,10170.67,451902,190.33,194.33,229.5,330.17,3756.17,6742.17,49,37.5,0.19
1.17,2.093,3.953,12136.448,356.361,0.86,558.819,9.68,955929.33,4539414.67,10525.33,459808.67,143.67,194.17,372.83,342.67,3845.67,7231.33,49.83,36.17,0.19
0.84,2.394,6.785,41945.088,322.867,0.69,318.317,17.77,833978,4448966,12872,444460.67,45.83,209.17,126.17,296.33,4319.17,8366.33,23.5,61.5,0.19
1.27,2.852,6.194,1220.608,403.614,0.73,662.141,7.91,939736,5552012.67,4930.67,389265.33,7937.5,222,9585.67,379.83,5904.5,10529.17,46.5,40.17,0.19
0.98,2.011,7.237,14205.952,333.415,0.89,372.945,14.39,701781.33,1290282.67,28157.33,623330.67,20,1836.17,139.5,2006.5,3820.17,6428.33,39.17,45.17,0.18
1.33,2.249,6.871,5975.04,463.997,0.47,763.143,7.5,932001.33,5100596.67,9836,390911.33,633.67,58.67,858.17,145.67,4119.5,7960.33,32.17,50.5,0.18
1.12,1.876,6.327,8753.152,311.462,0.86,503.024,9.95,927945.33,4390830.67,10736.67,407178,45.33,75.83,115.17,222.17,3114.83,6209.17,41.33,43.17,0.18
1.34,2.245,3.745,27941.888,525.189,0.41,499.17,9.6,978356,5705788.67,9901.33,416307.33,156,27694.67,1371,27959.17,4580,7626,44,40.67,0.18
1.25,1.831,4.83,16912.384,332.379,0.65,578.587,7.48,1079284,3275554,12269.33,444191.33,81.33,86945,95.67,87122.83,4179.33,6518.5,41,43.83,0.18
1.17,1.651,8.704,34044.928,301.741,0.92,666.228,8.01,917451.33,1964395.33,13125.33,418396.67,32.83,119.83,48.5,441.67,3120.17,5777.33,51.67,33.67,0.18
1.28,2.177,5.372,19204.096,377.644,0.86,599.773,7.14,933265.33,5000842,9929.33,407968,444.83,124.67,1267.5,362.5,4245.83,8014.17,55.33,30.33,0.18
1.15,2.185,8.886,16512,371.839,0.69,504.322,9.76,1021236.67,5693731.33,9732,436798.67,129.83,42927.83,192.5,43358.33,4926.17,7505.83,39.33,46.33,0.18
1.16,1.429,4.996,29976.576,324.724,1.03,596.396,9.12,858790.67,2696906.67,21565.33,1020342.67,56.17,162,118,487,3011.83,5237.83,57.33,28.33,0.18
0.99,2.1,4.289,17257.472,364.328,0.76,409.461,13.8,838367.33,2827033.33,13734.67,433762.67,48.83,186.83,79.17,318,3937,7709.67,36,49.83,0.18
1.11,1.962,5.87,20537.344,423.397,0.55,507.767,11.45,940541.33,6122548.67,9436.67,406577.33,725.33,206,1644.83,384.5,3623.67,6965.33,27.33,57.67,0.18
1.23,2.179,3.289,7313.408,439.629,0.72,609.121,9.53,937773.33,5233745.33,5221.33,394190.67,123.5,221.83,386.33,372.5,4036.17,7574.83,47.33,39.5,0.18
1.19,2.277,9.04,11768.832,332.429,0.9,524.674,7.99,1081145.33,5574380.67,9680,389028,295.67,61776.17,409.5,61921.17,4874.67,7528,56.5,28.67,0.17
0.97,12.628,2.785,26558.464,219.852,1.32,448.894,9.56,894208,3420827.33,11724,441777.33,39.83,91,58.83,267.5,19844.5,38432,39.17,45.17,0.17
0.89,9.302,14.45,12880.896,275.612,1.46,353.287,11.18,968155.33,785218.67,5798,253097.33,440.5,14735.17,28239.17,14890.5,10797.33,31709.83,33.83,50.5,0.17
1.11,1.581,3.454,15767.552,373.93,0.8,499.083,10.98,697344,4769723.33,25859.33,648169.33,10,55.83,20.17,165.33,2643.33,5343.67,47.5,36.83,0.16
0.85,1.791,5.08,47015.936,366.763,0.66,358.06,17.93,906748,4368972.67,12808,417892,41.67,59.83,68.33,226.17,3161.33,6206.83,22.33,61.17,0.16
0.93,1.765,7.361,31741.952,377.589,0.72,392.777,15.51,901900.67,4334454,13481.33,400196,38.67,69.17,601.17,234.17,3272.67,6119,29.33,55,0.16
0.89,2.692,24.806,18597.888,307.786,1.21,344.164,12.65,1072802.67,325977.33,2473.33,252966,1445.33,66817.17,31274.67,66969.67,7012,9811.67,23.67,61,0.16
1.41,2.065,3.62,2944,408.622,0.76,794.713,5.66,944681.33,5059649.33,9954.67,390536,191.67,89,350.33,244,3730.17,6910.67,66.5,18.5,0.16
1.19,2.204,3.202,22827.008,352.029,0.91,541.856,8.65,929493.33,4781249.33,10792,435415.33,1065.83,89.67,1474.83,247.33,3872,7542.33,60.83,24.33,0.16
1.3,2.231,2.822,36798.464,393.588,0.5,615.689,7.89,916944,4119215.33,11859.33,444724,162.67,101.83,179.67,463.5,4239.83,7791.17,43.5,41.83,0.16
0.65,2.142,6.612,647.435,310.786,0.73,313.944,16.9,1030577.33,6314858,8872.67,384093.33,86,178.17,227.5,293.33,3851.67,7520.33,47.83,36.67,0.16
1.23,1.767,5.45,19368.96,351.212,0.8,634.256,8.35,872674.67,3537731.33,12348,461193.33,77.17,155.17,99.17,330.5,3233,5912,50,35.83,0.16
0.79,2.299,4.561,805.762,298.166,1.07,332.361,14.52,891754.67,6364343.33,12858,363402.67,223.5,189,14661.67,1627.83,4889.83,8445,57.83,27.83,0.16
0.98,1.572,3.45,42081.28,381.353,0.8,418.225,14.8,857828,3442665.33,22709.33,561501.33,56.17,304.33,1203.33,438.17,2872.17,6250.33,43,42.67,0.16
1.25,1.961,6.328,25478.144,466.41,0.48,628.912,9.28,894096,4693994.67,11288,422074.67,63.67,178.33,118.5,312.17,3857.83,6864,31,53.67,0.16
1.11,2.283,12.035,15662.08,376.346,0.63,464.342,10.77,995395.33,6221142.67,9334,357898,324.17,35475.67,512.5,35627.5,5608.83,7880,32.83,52,0.16
1.14,2.26,5.119,15406.08,325.15,0.9,602.187,9.27,875766.67,3289976,11605.33,391205.33,808.33,190.83,1237.5,366.67,4176.67,7831.17,45.67,40.83,0.16
0.99,1.799,9.355,28241.92,385.414,0.85,430.781,14.39,879915.33,4026912,12784,462836,46.33,196.67,73.33,328.5,3420,6273.83,46.17,40,0.16
1.14,1.893,8.482,14822.4,334.942,0.68,593.162,9.57,841540,3181433.33,11643.33,437602.67,95.83,206.67,211,362.5,3333,6462.67,32,52.17,0.16
1.03,1.656,6.729,19806.208,353.555,0.67,506.244,11.91,834255.33,2928012,12507.33,439292,91.83,209.33,693.83,351.17,3004,5910.17,27,58.17,0.16
0.93,2.154,4.453,34708.48,382.841,0.72,402.323,16.22,856324,3605395.33,10214.67,436270,54.17,212.67,169.5,355.83,3712.83,7542,31.83,54.17,0.16
0.97,1.936,26.026,13577.216,328.355,0.87,360.789,13.09,1070536.67,3015095.33,7574.67,415055.33,50.17,94536.67,81,94658.5,4782.67,6332.5,37.83,48.67,0.16
0.63,19.514,4.663,47070.208,183.398,1.09,248.796,17.45,907302.67,4007805.33,12444.67,419864.67,53.67,60,67,218.83,25706.83,62655.5,17.67,61.33,0.15
0.9,19.359,4.08,14683.136,249.573,1.03,368.429,11.08,970564,5462094,10360,417165.33,64.33,83.83,105.17,236.83,29668.17,64111.5,18.5,64.33,0.15
1.21,25.931,3.498,32075.776,279.733,0.78,738.131,6.32,905735.33,1624562,13450.67,446928.67,42.67,106,57,250.5,6645.33,84380.5,46.67,37,0.15
1,1.847,8.28,53179.392,314.646,0.86,458.735,12.01,916944.67,2997613.33,13514.67,423626.67,54.17,119.83,69.83,296.17,3283.67,6538.33,46.83,38.5,0.15
1.26,1.554,3.995,19927.04,334.319,0.91,683.057,7.49,931644,3077402,11324,420230,45.5,124.5,113.67,222.33,3058.5,5558.33,58.33,27,0.15
0.95,2.193,7.953,49260.544,304.879,1,370.349,14.12,921472.67,3811550,12682.67,425666.67,48.83,127,78,382.83,4190.83,7564.33,49.67,35.67,0.15
1.18,2.336,5.492,16653.312,433.116,0.74,510.345,10.53,878856,6130416,10597.33,362238.67,39,2792.33,62.83,2916.83,4520.67,8193,48.67,37.5,0.15
0.86,15.094,9.404,10389.504,234.105,1.24,349.536,11.11,1263599.33,4709056,11594,363769.33,49.67,63069.17,155.5,63267,21305.67,50044.83,30.5,55,0.15
1.14,2.531,4.785,15864.832,320.446,0.95,572.846,9.21,858652,3807840.67,12213.33,362369.33,29.67,173,68.17,315.5,4552.17,8630.83,50,36.33,0.15
0.67,2.437,7.158,668.404,314.408,0.72,309.978,17.34,995690.67,6433201.33,9174.67,378199.33,406.33,224.67,652,357.83,4556.83,8534.83,41.67,43.17,0.15
1.3,1.721,3.954,10091.52,471.97,0.56,678.998,8.42,897694.67,4829666,10564,387539.33,92.83,186,136.67,367.83,3530.83,6713.5,42.17,43.83,0.15
1.31,1.834,4.955,4091.904,450.746,0.58,719.719,7.9,859438.67,5037236,6534,409360.67,346.83,213.5,1477.67,386,3473.33,7141.83,40.83,44.83,0.15
0.84,19.514,4.981,24090.624,180.403,1.04,378.587,10.18,907772,3378868.67,12092,420756.67,85,60,140.33,202.33,27548.17,65172,19.5,60,0.14
0.74,2.137,5.066,831.79,319.506,0.84,322.058,16.52,1012093.33,6411234,8439.33,330204.67,194.67,86.5,13082.5,240.17,3740,7542.5,42.33,41.5,0.14
1.29,2.356,3.45,3712,478.906,0.56,759.464,7.75,972416,5078725.33,10272,373546.67,44.67,65,181,200,3990.5,7808,39.83,44.67,0.14
1.16,1.925,3.997,21544.96,387.891,0.71,563.461,10,971136,4774720.67,11154.67,382953.33,120,65,558.33,213.33,3210.33,6768.5,38.67,45.33,0.14
1.01,1.985,5.12,27641.856,346.21,0.76,496.929,12.25,936084,4018763.33,11856,390350.67,44,66.33,68.33,155.33,3774.17,7257.33,30.83,52.5,0.14
1.16,2.306,4.87,14075.904,439.543,0.66,507.65,10.87,966502.67,6188451.33,9086,367176,150,74.17,298.83,211.17,3867.5,8000.17,43.17,41,0.14
1.14,2.314,5.113,14632.96,394.892,0.69,501.733,10.64,964966.67,5381546,9984,389426,599.33,74,985.83,259.67,4487.83,8097.67,39.67,44.67,0.14
1.17,1.967,7.615,17436.672,361.581,0.79,451.604,9.68,1101208,5698833.33,8866.67,392052,116.33,61541,224.17,61683.5,4705,7212.17,49,36,0.14
1.18,26.29,3.161,18104.32,390.926,0.85,586.037,8.74,967201.33,5671648,9586.67,395037.33,356.5,131,398.67,252.17,6668.67,83356.33,52,32.33,0.14
1.14,2.086,7.868,14320.64,350.835,0.57,531.854,9.08,1659422,2834402.67,12389.33,427620.67,47.17,116130.17,89.83,116263.5,4319.33,7109.33,27.67,57.83,0.14
1.2,2.323,4.287,23759.872,361.09,0.71,593.572,9.28,873144,4164917.33,11917.33,460775.33,63.83,155.17,86,483.83,4331,8345,43.67,41.5,0.14
1.02,2.094,2.539,39964.672,338.768,0.9,493.607,11.89,858498,3229566,21901.33,1023556.67,56.17,161.83,127.33,304.33,3884.5,7376.5,47,38.67,0.14
0.82,15.694,4.535,22935.552,255.686,1.12,315.826,14.88,859904.67,3415329.33,8818.67,357786,57.83,169.17,81.67,323,23078.33,50246.17,27.17,58.5,0.14
0.95,2.208,5.705,35390.464,353.708,0.9,388.878,15.21,997440,2218947.33,8290,351006.67,501,177.5,16665.33,318.67,4397.67,7826.17,40.67,45.33,0.14
1.38,1.936,6.205,11348.992,466.541,0.46,741.288,7.64,894352,4681688.67,10941.33,421422.67,124.33,178.5,246.17,315.67,3610.17,6730.5,34.67,50.17,0.14
1.2,1.951,9.536,25729.024,393.115,0.57,635.646,9.2,886684.67,4196596.67,12106.67,422149.33,52.33,179.67,77.5,337.33,3259.33,6614,33.67,51.5,0.14
1.16,1.964,3.539,16037.888,342.84,0.85,590.127,8.97,876492,3849844.67,11161.33,386055.33,61,191,87.33,335.5,3368.33,7037.5,49.33,37,0.14
1.23,3.307,4.617,12035.072,435.557,0.74,625.869,9.09,957422.67,5340206.67,9900,441209.33,321,194.33,973.5,331.5,5999.17,13296,45.33,40.83,0.14
0.92,2.596,14.893,21617.664,308.055,1.46,346.377,12.68,1013210,617124.67,5053.33,258560,746.17,24205.67,26254.83,24420.83,5745.83,8570,29.67,56.33,0.14
1.03,2.242,4.698,24036.352,338.131,0.89,464.089,12.24,883418.67,4563594.67,11552,451198,93.5,199.83,125.67,377.67,3853.83,7637.33,41.83,44.67,0.14
1.37,1.504,7.782,2277.376,475.508,0.61,809.852,7,935549.33,4971325.33,10136.67,419927.33,779.33,205.83,1767.83,345,3003.5,5435.83,34.33,50.67,0.14
1.06,2.069,9.947,21076.992,328.101,0.71,533.251,10.75,840648.67,3178827.33,12047.33,435007.33,76.5,5928.67,172.17,6103.17,3875.17,6871.17,28.17,56.33,0.14
0.97,1.575,4.581,37525.504,385.182,0.72,448.887,14.73,857604,4122690,8802.67,433552,54.17,213.17,126.33,367,2548.17,5657.33,31,54.5,0.14
0.91,2.231,6.52,37042.176,362.271,0.86,377.501,16.47,884510.67,4801173.33,12788,431476.67,70.83,218.83,105.83,346.67,4074.83,7790.17,37.17,48.67,0.14
1.31,2.501,5.372,29146.112,477.243,0.55,545.563,8.97,960673.33,5718680.67,9334.67,382514.67,142.17,114.17,196,242.5,4331,8437.17,51.5,33.83,0.13
1.23,1.262,7.944,33349.632,298.51,0.86,717.842,7.13,918092,2336448,12818.67,417312.67,28.17,118.5,57.33,261.67,2467.17,4452.33,55,30.33,0.13
1.44,1.286,4.954,1184.768,434.869,0.72,839.653,5.65,938273.33,5008433.33,9454.67,402554.67,283.67,124,442.83,405.83,2794,4566.17,65.17,20.5,0.13
0.9,18.625,3.993,33961.984,289.164,1.09,345.557,13.99,931434.67,4008266,12882.67,429363.33,35.17,132,113.17,271.17,13055.67,53044.67,40.17,45.17,0.13
1.1,2.119,10.865,10576.896,324.944,0.96,460.834,10.13,919632,4479495.33,6456.67,355468.67,768.5,33970.17,1797.17,34152.67,4682.17,7724.83,47.67,38.33,0.13
0.76,16.874,4.827,25048.064,213.285,1.22,259.274,16.31,856231.33,4771959.33,13608,363245.33,59.67,176.83,83.33,302.67,21466.67,57493.67,29.67,55,0.13
0.91,1.64,4.105,36783.104,332.85,0.77,352.135,15.93,875308,3387684.67,8291.33,377892.67,57.67,187,8411,323.33,3657.33,6373.17,34.5,51.17,0.13
1.11,2.689,4.869,17916.928,384.887,0.74,482.066,10.59,939966.67,6187357.33,9053.33,356695.33,8893,188.5,11171.5,327.67,5509.33,9824,42.83,43.17,0.13
1.16,2.297,9.688,9063.424,336.627,0.84,541.192,9,959252.67,4337524.67,10852,385778.67,101.67,58899.17,251.17,59009,4933.33,7746.67,43.17,43,0.13
1,2.101,3.622,37007.36,339.728,0.86,452.677,12.91,870622.67,4085936,11944,395428.67,57.67,192.17,132.5,334,4123.67,8069.67,41,45,0.13
1.01,2.07,4.248,24112.128,387.338,0.79,426.096,14.52,870582,2383613.33,13734.67,453399.33,73.5,202,119.5,341.83,3898.5,7405.17,38.33,48.33,0.13
1.16,1.98,6.451,19880.96,391.173,0.64,598.684,10.03,841796,4297863.33,11185.33,433146.67,96.67,206.83,152.17,362.67,3544.83,7190.17,31.83,53.17,0.13
0.86,1.94,6.034,45642.752,359.097,0.65,354.497,17.22,833464.67,4385355.33,13568,440936.67,53.17,209,137.33,364.17,3257,6715.83,23.33,61.83,0.13
1.26,2.039,9.601,1679.36,384.433,0.63,607.497,8.22,870096,5521367.33,5198.67,400456.67,720.17,6768.5,984.33,6929,4031.83,7094.17,39.33,46,0.13
1.14,1.88,4.368,21996.544,390.134,0.6,647.755,9.48,910372,3716599.33,11392,417081.33,24.33,59.33,82.33,206.33,3632.33,6911.67,31.67,52,0.12
1.1,7.764,5.33,1638.4,271.819,0.91,468.016,8.11,971502.67,5537136,9890,412523.33,583,83.83,2337.17,346.83,9301.17,19427.17,41,43.67,0.12
0.89,7.137,21.572,17718.272,265.849,2.48,327.766,10.4,1052602,369913.33,4084,250355.33,1104.5,41330.67,47233.5,41655.17,8185.5,27642.5,28.5,55.83,0.12
1.28,2.413,8.727,698.878,372.077,0.82,620.657,7.47,976015.33,5566478.67,8982.67,365048.67,116.83,7531.17,163.33,7665,4873,8506,58.17,27.5,0.12
0.99,15.695,5.701,9393.152,203.151,1.36,471.269,8.06,945737.33,3614524.67,10809.33,400202.67,68.83,135.67,413.17,260.33,23701.17,55862.33,35,50.17,0.12
0.89,1.974,5.414,55493.632,344.747,0.77,369.843,16.44,869716,3638152.67,14046.67,468705.33,44.5,157,72.5,273.67,3526.17,6720.33,37.67,48,0.12
0.94,2.153,5.483,35431.424,362.919,0.89,389.908,15.73,889568,4857319.33,11782.67,460351.33,63.67,194.33,158.17,337.5,3571.17,7357.67,43.5,42.83,0.12
0.95,2.193,16.399,15318.016,321.718,0.92,356.245,13.72,1093446,3221586,12486.67,463620,43,86028,70.17,86171.83,5357,7956.67,40.17,46.17,0.12
0.97,1.999,4.243,27339.776,353.995,0.85,385.239,15.16,873345.33,4247452,12666.67,454752,76.17,201,156.17,367.5,3605.67,6715.67,39.83,46.83,0.12
0.89,2.365,23.168,19464.192,293.714,1.19,318.754,13.04,1005604.67,385385.33,1433.33,207342,329.83,56715.5,31405.67,56888,6023,8042.33,23.5,62.33,0.12
0.96,1.934,15.9,14757.888,356.769,0.75,388.851,12.7,1632975.33,3775393.33,11608,415630,38,143067.83,49.83,143206.17,4703,6893.5,30.33,54.17,0.11
0.96,2.211,5.911,24321.024,380.722,0.74,415.636,14.7,915628,2914873.33,13496,421608,26,80.83,89.83,272.5,3937.33,7522.33,31.83,52.67,0.11
0.85,18.913,5.984,12956.672,214.564,1.27,356.065,11.5,969326.67,5040800,10712.67,426810.67,80.33,83.83,133.17,218.83,24535.33,59557,27.67,56.83,0.11
1.27,2.034,4.663,10542.08,400.808,0.93,592.222,7.85,936789.33,4925660,10333.33,396518,312.33,89.67,1295.33,243.5,3907.33,7690.83,59.17,26,0.11
1,1.946,12.895,15290.368,327.181,0.97,380.272,10.91,1346867.33,2311204.67,12744.67,444838,31,159760,55.33,159883,4876.5,6377,43,42.17,0.11
1.3,2.219,8.74,18467.84,324.546,0.78,706.048,6.76,918480.67,2935840,12409.33,417442.67,70.83,118.5,170.67,407.67,3755.17,7637.83,55.67,29.67,0.11
1.19,2.172,6.155,14451.712,375.605,0.83,492.649,9.33,979713.33,6174662.67,8397.33,354076,216.83,21980.17,660.33,22326.67,4879.33,7543,53.5,32,0.11
0.95,1.967,3.536,46000.128,343.308,1,388.107,14.49,926443.33,4581348.67,12209.33,402886,3857.33,136.83,3925.5,306.67,4034.83,6796.67,48.5,37.33,0.11
0.85,15.544,4.204,20378.624,269.072,1.12,335.136,14.05,860089.33,2299175.33,8507.33,357884,80.5,169.17,145,328.33,20832,52027.67,32,53.83,0.11
0.96,1.929,4.453,32819.2,366.485,0.9,398.903,14.94,856667.33,4922145.33,13024,362876,45.67,177,69.33,284.17,3368.33,6468.67,45,41,0.11
0.73,2.115,6.08,875.713,311.51,0.84,317.471,16.41,995716,6505671.33,6874,314580,568.17,218.17,14549.67,367.33,3859.83,7197.5,44.83,40.33,0.11
0.81,18.834,5.366,19169.28,192.068,1.2,324.305,12.72,839014,2774184.67,13091.33,430115.33,118.83,187,357.17,441.5,25381.33,60363.67,28.33,55.67,0.11
1.18,1.808,4.495,18000.896,466.579,0.52,596.725,10.24,936018.67,5628676,9816,420655.33,85.33,206,146.33,291.17,3542.17,6621.67,29.67,55.5,0.11
0.87,17.097,8.698,22262.784,226.374,0.8,339.718,10.03,1452304,4539326.67,10861.33,433123.33,85.33,83277,243.5,83444.83,21484.83,56564,17.67,64.33,0.11
0.93,2.04,4.618,34479.104,333.371,0.77,386.307,15.11,857348,3535382,9153.33,434652.67,56.17,213,97,302.83,3542.5,7012.33,30.83,54.83,0.11
0.93,1.7,4.869,38494.208,370.169,0.82,386.785,16.36,884980,4607947.33,12382,434272.67,52.83,219,83.83,366.83,3134.33,6439,36.83,49.67,0.11
0.93,1.959,5.279,31950.848,352.039,0.79,367.392,16.07,884126.67,3877839.33,13397.33,431831.33,108.17,218.67,210.33,389.17,3781.83,6735,33.67,52,0.11
1.27,2.457,5.2,4124.672,423.313,0.62,679.47,7.94,972928,5608258,9878.67,368945.33,137.33,65.17,279,175.5,4447.5,8764.67,41.17,43.17,0.1
0.86,2.585,19.144,17070.08,299.697,1.19,328.209,12.78,1070447.33,249074.67,5972.67,258816.67,1308.67,80844.83,33016.33,80995.83,8092.83,9590.67,18,66.33,0.1
0.77,2.27,3.953,832.709,249.931,1.32,295.534,13.46,1011931.33,6447195.33,6565.33,333713.33,1117,108,21086,263.17,4880.83,8641.67,63.5,21.5,0.1
1.5,2.085,3.498,19830.784,470.662,0.45,873.738,5.4,917669.33,3860774,11448,441344,156.67,101.83,491.5,231.5,3859.33,7051.33,48.17,36.67,0.1
1.09,19.11,5.538,23996.416,289.174,0.78,529.298,7.33,1546845.33,2337052,13053.33,446368,75.33,108206,308.83,108353.67,8951.67,61503.83,31.33,51.5,0.1
1.01,1.692,1.789,30962.688,361.185,0.9,414.78,13.53,908360,4050562,12833.33,400182,38,138,57.83,276.5,3084.33,6266.33,49.67,36.17,0.1
1.03,1.964,8.767,15678.464,408.037,0.79,455.364,13.93,879615.33,2713849.33,13095.33,462923.33,64.33,196.5,108,357.67,3394.67,6855,41.67,45,0.1
0.86,1.91,6.37,41825.28,354.178,0.69,356.023,17.57,833714,3618684,13162.67,442068,53.83,209.17,121.33,360.33,3597.67,6787.17,22.33,62.5,0.1
0.91,2.545,17.101,22262.784,320.8,1.14,349.631,13.23,1031030,560160,3712,221317.33,938.83,45957.67,29104.5,46123,6035,8802.17,25,61.33,0.1
0.91,1.865,10.273,35111.936,376.856,0.76,389.747,16.25,902056,4059270.67,13784,400762,26,70.5,39.67,246.83,3669.83,6821.17,30,54,0.09
1.28,1.886,4.784,31196.16,430.552,0.64,624.001,8.27,945746.67,4512968.67,11162.67,414156.67,50.17,115.83,97.33,232.33,3619,6819.5,49.83,35.67,0.09
0.8,17.398,4.03,32159.744,243.21,1.25,295.054,15.9,928212.67,4093774.67,11885.33,402310.67,53.33,136.83,80.67,656.17,20502.33,55825.33,35.67,49.83,0.09
0.98,1.753,5.246,48248.832,331.042,0.81,442.28,13.07,869844,3186119.33,13760,462058.67,33.83,157.17,55.83,281.83,2911.33,5782.33,42.33,43.33,0.09
1.23,2.229,3.914,13715.456,435.354,0.71,519.647,9.71,890504,6149470.67,4896,323556.67,151.83,164.33,519.17,303.5,4078.83,7563.17,54.67,31.67,0.09
1.23,1.631,3.494,10354.688,387.401,0.81,555.381,9.1,872158.67,4945048.67,6063.33,352711.33,128.5,165.67,173.83,316,3061.5,5567.33,55.33,30.67,0.09
1.2,1.949,6.779,28900.352,426.117,0.52,600.37,9.96,893584,4364860,11638,420658,51,178.33,104.83,316.17,3816.33,6934.17,31.17,53.5,0.09
1.15,1.705,4.162,20428.8,383.132,0.64,507.9,10.95,892916,5070886.67,10905.33,387662,70.17,186,136.83,332.5,3073.83,6167.5,36.83,48.67,0.09
1.25,2.331,4.408,4841.472,412.86,0.67,655.363,8.26,919658.67,5548201.33,10050.67,408517.33,213,217.83,343.17,406.33,4007.67,8085.67,47.33,39.17,0.09
1.28,1.673,4.364,3686.4,424.055,0.67,659.965,8.29,965777.33,5569176,9573.33,379368.67,284,74,2347.67,263,3026.5,6139.83,45.5,39.17,0.08
1.39,2.096,5.244,19069.952,435.796,0.58,756.811,6.29,946386.67,4470541.33,10798,411592,1367.5,115.83,2621.33,383.67,4037.83,7513.33,54.5,30.5,0.08
0.96,2.044,1.831,37860.352,349.335,0.93,392.299,14.28,908360,4684242,12530,399185.33,30.67,138,95.83,273.33,3722.83,6944.33,47.83,38,0.08
1.09,1.468,5.039,26431.488,352.421,0.67,609.357,10.22,910116,3254154,11743.33,415282.67,40.33,59.33,76.33,213,2763.33,5025,27.17,56.33,0.07
0.96,1.89,5.538,30021.632,353.145,0.89,396.176,14.64,905620,4290401.33,12324,433772.67,21,85,33.83,200.67,3202.67,6626.67,45.5,39,0.07
1.26,1.867,3.993,23386.112,334.479,0.87,630.366,7.56,931686.67,3935023.33,11077.33,419826.67,31.5,124.5,48.83,277,3543.17,6262.17,58.17,27.17,0.07
1.37,1.243,5.246,15832.064,468.062,0.54,765.456,7,897374.67,4847766.67,10832.67,448088,69.83,154,92,548,2043.67,4779.83,51,34.67,0.07
1.22,2.073,3.537,16274.432,375.216,0.83,620.826,8.64,863388,3811050,20943.33,1021048.67,40.17,160.67,120,331.83,3832,7476,52.5,33.33,0.07
0.91,2.218,9.022,30217.216,279.289,1.09,315.718,14.16,858199.33,3731126.67,22332,1023118.67,1074.17,161.83,2682.67,317,3845,6795,42,43.5,0.07
1.07,1.757,4.702,29540.352,341.476,0.77,555.595,10.74,839566,3389500,12237.33,427208,44.83,187.17,138.67,343.67,2944.33,5800.67,37,48.83,0.07
1.11,1.612,4.62,20792.32,346.306,0.98,576.484,9.93,955076,4041563.33,10844,456823.33,60.33,194.17,138.83,321.33,2752.83,5646,51,35.67,0.07
1.15,2.292,3.412,23956.48,319.721,0.8,562.458,9.06,858158.67,4234302.67,7860.67,418353.33,72.83,213.33,159,353.17,4142.33,7986.67,46,40.33,0.07
1.16,2.036,5.202,13304.832,352.821,0.81,603.071,9.59,857945.33,3456530.67,8368.67,428607.33,474.83,213.17,2212.67,376.33,4045.33,7457.33,38.17,47.67,0.07
1.09,17.475,3.205,11754.496,241.209,1.23,547.857,8.11,931046.67,2304922.67,11662.67,420324,58.17,124.33,75.33,490.17,14724.83,55316.17,46.5,37.5,0.06
0.7,2.104,4.91,935.158,301.079,0.86,317.725,15.87,1029490.67,6423102,7912,387214.67,2992.33,195.17,17835.17,340.33,4914.5,8408.5,51.5,33.83,0.06
0.77,15.485,4.372,22555.648,204.733,1.32,253.272,14.86,856488.67,4669025.33,13337.33,365474.67,36.33,177,72,338.67,23249.33,52625.17,27.67,57.83,0.06
0.87,1.806,6.202,53387.264,363.283,0.63,358.54,17.54,882096,3905717.33,14116,427854,40.33,182,84,363.83,3400,6615.5,25.67,59.17,0.06
1.26,2.185,7.073,19642.368,470.185,0.47,650.324,8.99,934994.67,4955340,10468,431913.33,290,205.83,378.17,369,3944,8052,28.5,56.17,0.06
1.21,1.784,10.195,9723.904,336.691,0.67,568.235,8.33,1052380,3608073.33,12040,424688,66.67,70461.67,183.17,70745.5,4338.83,6558,32.83,52,0.05
