r,b,交换,空闲,缓冲,缓存,si,so,bi,bo,in,cs,us,sy,id,wa,st
10.83,0.00,708485.33,5807242.00,24601.33,645804.00,16.00,105.67,43.50,233.83,3530.67,6809.33,50.67,33.50,15.50,0.00,0.00
10.83,0.00,708656.00,5687731.33,24988.67,645143.33,10.67,54.83,42.17,192.50,3505.67,7591.67,48.83,34.83,16.17,0.00,0.00
11.17,0.00,708720.00,5037973.33,25306.67,647998.67,10.67,55.00,30.17,246.67,4033.67,8205.50,46.83,37.50,15.67,0.00,0.00
10.67,0.00,697344.00,5023612.67,25582.67,646166.67,8.00,55.83,17.50,184.67,3484.67,7485.50,48.83,36.00,15.50,0.00,0.00
11.67,0.17,697344.00,4769723.33,25859.33,648169.33,10.00,55.83,20.17,165.33,2643.33,5343.67,47.50,36.83,15.67,0.00,0.00
10.83,0.17,697344.00,4009834.00,26184.00,645570.67,10.00,55.67,50.17,186.67,3702.50,6923.50,47.67,36.67,15.67,0.00,0.00
10.33,0.00,697344.00,4322690.00,26449.33,645644.00,12.67,55.67,21.50,187.33,3436.67,6689.83,39.17,45.17,15.67,0.00,0.00
11.17,0.00,697344.00,3726904.00,26806.67,645685.33,13.33,55.67,22.17,226.00,3438.67,6738.50,41.33,43.17,15.83,0.00,0.00
9.33,0.17,697344.00,3705268.00,27140.67,645686.67,13.33,55.67,28.83,223.33,10178.67,23496.67,33.00,51.00,16.00,0.00,0.00
11.17,0.00,697344.00,4499636.00,27484.00,645702.67,10.00,55.67,18.83,196.00,3551.50,6909.50,40.50,44.33,15.50,0.00,0.00
12.67,0.00,697344.00,2411828.67,27847.33,647364.00,13.33,55.67,26.83,232.50,3643.17,7030.50,39.83,44.83,15.33,0.00,0.00
11.33,0.00,697344.00,3433674.00,28237.33,646883.33,10.67,55.50,20.17,203.17,3664.83,6916.33,38.67,45.83,15.33,0.00,0.00
11.00,0.00,701781.33,1290282.67,28157.33,623330.67,20.00,1836.17,139.50,2006.50,3820.17,6428.33,39.17,45.17,15.67,0.00,0.00
10.67,0.00,718588.00,696282.67,25205.33,549030.67,72.00,6465.50,500.50,6624.50,24563.50,59465.50,20.50,62.67,17.33,0.00,0.00
12.33,0.17,795920.00,793750.67,2278.00,289334.00,328.33,18754.00,28085.50,18914.33,5311.33,9222.67,29.50,54.17,15.67,0.17,0.00
12.83,0.00,931850.00,645720.67,5638.00,265772.00,1884.67,28363.83,20526.50,28518.17,5626.00,8695.00,28.17,56.50,15.50,0.17,0.00
6.83,0.33,936148.00,6343877.33,7862.00,350148.67,375.67,91.17,15870.50,246.17,4251.33,7785.17,35.17,47.33,17.00,0.33,0.00
9.17,0.17,944702.00,6073060.67,9172.00,381102.00,381.67,9644.67,1403.67,9821.67,3643.33,6533.50,27.17,56.00,17.00,0.00,0.00
7.83,0.00,933665.33,5733240.00,9556.00,391446.00,267.00,58.83,406.33,159.00,3937.83,7591.17,25.33,57.50,17.50,0.00,0.00
6.50,0.00,932001.33,5100596.67,9836.00,390911.33,633.67,58.67,858.17,145.67,4119.50,7960.33,32.17,50.50,17.33,0.00,0.00
7.00,0.00,911652.00,4830926.67,10087.33,403705.33,61.00,59.50,186.33,198.50,25058.83,61674.83,24.17,56.83,19.33,0.00,0.00
8.00,0.00,910884.00,4735832.67,10578.67,413340.67,29.00,59.50,71.00,202.50,3429.17,6450.33,30.83,52.33,16.83,0.00,0.00
7.83,0.00,910628.00,4109693.33,11085.33,416800.67,45.67,59.50,76.17,239.00,3515.83,6773.67,29.33,54.00,16.83,0.00,0.00
8.17,0.00,910372.00,3716599.33,11392.00,417081.33,24.33,59.33,82.33,206.33,3632.33,6911.67,31.67,52.00,16.33,0.00,0.00
7.17,0.50,910116.00,3254154.00,11743.33,415282.67,40.33,59.33,76.33,213.00,2763.33,5025.00,27.17,56.33,16.83,0.00,0.00
6.17,0.00,907772.00,3378868.67,12092.00,420756.67,85.00,60.00,140.33,202.33,27548.17,65172.00,19.50,60.00,20.50,0.17,0.00
6.00,0.17,907302.67,4007805.33,12444.67,419864.67,53.67,60.00,67.00,218.83,25706.83,62655.50,17.67,61.33,21.00,0.00,0.00
7.67,0.00,906748.00,4368972.67,12808.00,417892.00,41.67,59.83,68.33,226.17,3161.33,6206.83,22.33,61.17,16.50,0.17,0.00
7.17,0.00,905468.00,3855385.33,13108.67,422162.67,99.00,59.83,109.00,190.83,4840.33,7918.50,22.83,60.50,16.67,0.00,0.00
10.17,1.17,1054493.33,107820.00,4674.00,260360.67,29957.67,77247.83,63536.33,77431.50,9700.83,11674.17,8.83,73.17,16.33,1.50,0.00
9.00,1.00,1356100.00,389043.33,5388.67,274510.67,6928.83,132150.00,24291.33,132278.33,11157.00,9289.33,11.83,72.00,15.67,0.83,0.00
12.17,0.33,1365720.67,103027.33,3732.00,221432.67,900.17,129313.00,44669.33,129473.33,9919.00,9158.83,8.83,75.33,15.33,0.50,0.00
8.83,0.00,1012093.33,6411234.00,8439.33,330204.67,194.67,86.50,13082.50,240.17,3740.00,7542.50,42.33,41.50,16.00,0.00,0.00
8.67,0.00,985985.33,6151202.67,9549.33,354961.33,573.33,64.67,1188.50,261.67,3197.17,5881.17,34.83,49.00,16.50,0.00,0.00
8.83,0.00,972928.00,5608258.00,9878.67,368945.33,137.33,65.17,279.00,175.50,4447.50,8764.67,41.17,43.17,15.67,0.00,0.00
7.67,0.00,972416.00,5078725.33,10272.00,373546.67,44.67,65.00,181.00,200.00,3990.50,7808.00,39.83,44.67,15.50,0.00,0.00
9.67,0.00,971904.00,5129160.67,10686.00,373448.67,168.67,65.00,996.50,196.00,2609.50,5412.67,32.17,51.67,16.17,0.00,0.00
8.83,0.00,971136.00,4774720.67,11154.67,382953.33,120.00,65.00,558.33,213.33,3210.33,6768.50,38.67,45.33,16.17,0.00,0.00
8.00,0.00,938174.67,3762618.67,11535.33,389293.33,933.33,66.33,980.33,202.00,4056.67,7401.50,35.50,48.67,16.33,0.00,0.00
7.83,0.00,936084.00,4018763.33,11856.00,390350.67,44.00,66.33,68.33,155.33,3774.17,7257.33,30.83,52.50,16.67,0.00,0.00
9.17,0.00,933609.33,3674035.33,12166.67,390677.33,52.00,66.33,63.00,212.00,3231.50,5791.83,35.17,49.33,15.50,0.00,0.00
7.67,0.50,1815097.33,3309456.67,12468.00,395120.67,65.33,120598.33,313.17,120736.67,5108.50,7926.83,25.33,58.33,17.00,0.00,0.00
8.50,0.00,903527.33,5125518.67,12829.33,395766.00,27.33,67.83,55.67,212.83,3570.00,6653.00,29.17,54.67,16.17,0.00,0.00
8.00,0.17,902293.33,4299355.33,13171.33,398388.67,36.00,67.67,47.00,235.33,3519.83,6691.17,30.50,53.67,15.83,0.00,0.00
8.50,0.17,901900.67,4334454.00,13481.33,400196.00,38.67,69.17,601.17,234.17,3272.67,6119.00,29.33,55.00,15.83,0.00,0.00
8.33,0.33,902056.00,4059270.67,13784.00,400762.00,26.00,70.50,39.67,246.83,3669.83,6821.17,30.00,54.00,15.83,0.00,0.00
10.17,1.33,1047699.33,237500.67,6068.00,250965.33,800.00,78983.17,27791.83,79156.83,7172.17,8683.00,16.50,67.83,15.17,0.33,0.00
11.50,0.33,1077618.00,494520.00,3530.00,233582.00,948.83,54376.33,33433.00,54538.00,7533.33,9435.33,16.00,67.83,15.33,0.67,0.00
9.00,0.33,1010454.67,6408774.00,8073.33,340760.00,524.67,107.83,19357.00,251.50,3925.67,6699.00,45.00,39.33,15.67,0.00,0.00
9.83,0.17,966502.67,6188451.33,9086.00,367176.00,150.00,74.17,298.83,211.17,3867.50,8000.17,43.17,41.00,15.67,0.00,0.00
8.33,0.50,965777.33,5569176.00,9573.33,379368.67,284.00,74.00,2347.67,263.00,3026.50,6139.83,45.50,39.17,15.17,0.00,0.00
9.17,0.00,964966.67,5381546.00,9984.00,389426.00,599.33,74.00,985.83,259.67,4487.83,8097.67,39.67,44.67,15.33,0.00,0.00
10.33,0.00,939044.00,5245892.00,10289.33,402554.67,129.33,74.67,175.17,219.83,3950.83,7297.33,39.50,44.67,15.67,0.00,0.00
10.83,0.00,927945.33,4390830.67,10736.67,407178.00,45.33,75.83,115.17,222.17,3114.83,6209.17,41.33,43.17,15.33,0.00,0.00
10.00,0.00,1696990.00,4077281.33,11101.33,416069.33,40.00,131199.17,51.83,131295.00,5688.83,8580.50,28.17,56.17,15.83,0.00,0.00
9.83,0.00,1632975.33,3775393.33,11608.00,415630.00,38.00,143067.83,49.83,143206.17,4703.00,6893.50,30.33,54.17,15.33,0.00,0.00
9.33,0.00,917034.67,4459643.33,11916.00,415418.67,54.67,79.67,66.50,231.33,3372.33,6713.83,35.50,49.00,15.50,0.00,0.00
12.00,0.00,916756.00,4237544.67,12249.33,415711.33,24.67,79.50,36.50,241.17,3790.33,6677.83,34.67,50.00,15.50,0.00,0.00
9.17,0.00,916378.67,4634932.67,12573.33,417461.33,104.67,79.50,144.50,227.17,3613.83,6603.17,35.67,48.67,16.17,0.00,0.00
10.17,0.00,916652.00,4352012.00,12837.33,414023.33,30.00,80.83,41.83,213.83,3347.00,5698.17,37.83,47.00,15.33,0.00,0.00
10.00,0.00,915884.00,3592174.67,13140.00,419914.67,20.67,80.83,44.50,211.17,3627.67,6831.50,37.00,47.83,15.33,0.00,0.00
9.67,0.17,915628.00,2914873.33,13496.00,421608.00,26.00,80.83,89.83,272.50,3937.33,7522.33,31.83,52.67,15.67,0.00,0.00
13.00,0.00,1070447.33,249074.67,5972.67,258816.67,1308.67,80844.83,33016.33,80995.83,8092.83,9590.67,18.00,66.33,15.17,0.50,0.00
11.83,0.17,1002860.67,992674.67,5891.33,273758.00,9194.83,5028.50,35604.67,5176.17,6633.83,10989.67,24.83,59.50,15.50,0.50,0.00
10.83,0.00,1013940.00,6470058.00,7832.00,347421.33,850.33,107.17,17828.33,285.50,4650.67,8188.50,47.50,37.33,15.00,0.17,0.00
10.67,0.17,1024395.33,6184063.33,9457.33,392168.67,2839.67,21929.00,4940.67,22101.50,4947.33,8114.17,42.00,42.67,15.17,0.00,0.00
9.83,0.33,971502.67,5537136.00,9890.00,412523.33,583.00,83.83,2337.17,346.83,9301.17,19427.17,41.00,43.67,15.17,0.00,0.00
8.83,0.00,970564.00,5462094.00,10360.00,417165.33,64.33,83.83,105.17,236.83,29668.17,64111.50,18.50,64.33,17.17,0.00,0.00
8.83,0.17,969326.67,5040800.00,10712.67,426810.67,80.33,83.83,133.17,218.83,24535.33,59557.00,27.67,56.83,16.17,0.00,0.00
10.83,0.00,968857.33,4390075.33,11173.33,425609.33,53.67,83.67,66.50,194.17,2979.67,5475.67,46.00,39.33,14.83,0.00,0.00
11.33,0.00,968302.67,4356537.33,11477.33,427215.33,48.33,83.67,75.83,217.33,3466.83,6464.50,40.17,44.83,15.33,0.00,0.00
10.83,0.17,967748.00,4455865.33,11789.33,432650.00,31.67,83.67,264.50,224.67,4641.00,8916.33,38.83,46.17,15.33,0.00,0.00
11.67,0.00,905876.00,4965134.67,12072.00,429730.00,27.67,85.00,40.50,214.00,3219.50,5997.67,41.50,43.50,15.00,0.00,0.00
10.00,0.00,905620.00,4290401.33,12324.00,433772.67,21.00,85.00,33.83,200.67,3202.67,6626.67,45.50,39.00,15.50,0.00,0.00
11.17,0.00,905022.67,4107123.33,12631.33,433770.00,102.33,85.00,327.00,274.00,4105.00,7905.67,38.50,46.50,15.17,0.00,0.00
11.17,0.50,1216454.67,2194060.00,13033.33,434791.33,58.33,128066.17,141.17,128229.33,5490.33,8362.33,31.50,53.33,15.50,0.00,0.00
10.50,0.00,900552.00,3258126.67,13289.33,434708.00,34.33,86.33,62.50,252.00,4578.50,9210.50,42.50,42.50,14.83,0.00,0.00
12.83,0.00,925824.67,762562.67,9120.00,337719.33,492.33,23400.33,17638.83,23552.00,5094.33,7431.00,31.00,54.00,15.00,0.00,0.00
9.33,0.00,984684.00,3174036.67,3306.67,358987.33,1060.00,86.67,15907.83,225.00,24890.17,61518.67,19.83,64.83,15.33,0.17,0.00
12.33,2.00,1072802.67,325977.33,2473.33,252966.00,1445.33,66817.17,31274.67,66969.67,7012.00,9811.67,23.67,61.00,15.17,0.50,0.00
10.50,0.17,1011931.33,6447195.33,6565.33,333713.33,1117.00,108.00,21086.00,263.17,4880.83,8641.67,63.50,21.50,15.00,0.17,0.00
8.50,0.00,991344.00,6131224.67,9353.33,378976.00,5212.33,88.17,7521.00,237.17,5162.83,9347.50,56.00,29.00,14.83,0.17,0.00
8.17,0.33,1081145.33,5574380.67,9680.00,389028.00,295.67,61776.17,409.50,61921.17,4874.67,7528.00,56.50,28.67,15.17,0.00,0.00
8.83,0.00,944681.33,5059649.33,9954.67,390536.00,191.67,89.00,350.33,244.00,3730.17,6910.67,66.50,18.50,15.00,0.00,0.00
9.17,0.17,936789.33,4925660.00,10333.33,396518.00,312.33,89.67,1295.33,243.50,3907.33,7690.83,59.17,26.00,14.83,0.00,0.00
8.33,0.00,929493.33,4781249.33,10792.00,435415.33,1065.83,89.67,1474.83,247.33,3872.00,7542.33,60.83,24.33,14.83,0.00,0.00
9.67,0.00,1660640.00,3697167.33,11132.00,443669.33,84.50,128125.33,101.50,128297.17,5042.00,7692.33,45.83,39.17,14.83,0.00,0.00
7.50,0.00,894580.00,3657246.67,11440.00,445323.33,141.83,91.17,236.17,271.50,3567.33,6723.67,59.83,25.17,14.83,0.00,0.00
8.00,0.00,894208.00,3420827.33,11724.00,441777.33,39.83,91.00,58.83,267.50,19844.50,38432.00,39.17,45.17,15.50,0.00,0.00
7.50,0.17,893746.00,2763525.33,12032.00,447220.00,51.83,91.00,65.50,242.67,3580.50,6913.83,59.83,25.33,14.83,0.00,0.00
8.00,0.00,893266.67,3108722.00,12286.67,446580.00,36.50,91.00,94.17,260.00,2982.83,5964.50,56.33,28.83,14.83,0.00,0.00
8.33,0.00,892910.67,4246058.00,12521.33,445874.67,26.33,90.83,40.17,210.00,2270.50,5103.67,54.17,31.17,14.83,0.00,0.00
9.17,0.17,1346867.33,2311204.67,12744.67,444838.00,31.00,159760.00,55.33,159883.00,4876.50,6377.00,43.00,42.17,14.83,0.00,0.00
8.50,0.00,894354.67,2873387.33,11902.00,424106.00,31.67,713.50,93.33,893.83,4430.17,7010.17,49.50,35.83,15.00,0.00,0.00
11.33,0.67,1102272.67,103316.00,4345.33,224413.33,8954.33,83464.83,30316.50,83576.00,8677.83,8439.50,28.00,56.67,14.83,0.67,0.00
8.67,0.17,1142292.00,1537164.00,3319.33,314572.00,451.33,92346.67,11544.00,92479.83,4170.17,6077.00,48.33,36.83,14.67,0.00,0.00
5.33,0.17,990920.67,6349700.00,6705.33,367976.00,490.67,126.67,17542.17,279.83,4085.33,7148.33,56.00,28.00,15.00,0.50,0.00
5.67,0.17,964852.00,6068856.00,8982.00,399018.00,152.67,98.33,1059.33,232.67,3514.17,6317.00,53.33,31.67,14.83,0.00,0.00
4.50,0.00,978356.00,5705788.67,9901.33,416307.33,156.00,27694.67,1371.00,27959.17,4580.00,7626.00,44.00,40.67,15.17,0.17,0.00
4.67,0.00,1040657.33,5100548.00,10317.33,426476.67,70.00,70231.83,125.67,70376.17,4754.67,7523.83,44.17,40.17,15.17,0.17,0.00
6.17,0.00,943474.67,4419549.33,10612.00,427683.33,94.67,100.67,166.00,233.67,3811.50,6928.50,57.33,27.67,14.67,0.00,0.00
4.83,0.17,1520104.67,4591795.33,10978.67,440972.00,937.33,75668.67,1015.17,75841.17,3779.33,7175.83,34.33,50.00,15.17,0.50,0.00
5.17,0.00,917669.33,3860774.00,11448.00,441344.00,156.67,101.83,491.50,231.50,3859.33,7051.33,48.17,36.67,15.00,0.00,0.00
5.00,0.00,916944.00,4119215.33,11859.33,444724.00,162.67,101.83,179.67,463.50,4239.83,7791.17,43.50,41.83,14.83,0.00,0.00
4.83,0.00,1079284.00,3275554.00,12269.33,444191.33,81.33,86945.00,95.67,87122.83,4179.33,6518.50,41.00,43.83,15.00,0.00,0.00
4.50,0.00,1428494.00,2776058.67,12721.33,441888.67,35.33,78408.17,54.33,78661.17,4139.00,6745.50,38.83,46.00,15.00,0.00,0.00
4.83,0.00,1546845.33,2337052.00,13053.33,446368.00,75.33,108206.00,308.83,108353.67,8951.67,61503.83,31.33,51.50,17.50,0.00,0.00
4.67,0.00,905735.33,1624562.00,13450.67,446928.67,42.67,106.00,57.00,250.50,6645.33,84380.50,46.67,37.00,16.33,0.00,0.00
4.83,0.00,905900.00,1617836.00,13809.33,446304.67,55.33,107.17,139.67,347.00,8544.67,70774.50,42.50,40.33,16.83,0.00,0.00
6.67,0.00,941522.67,3214310.00,14043.33,420651.33,8414.67,108.83,8452.33,266.50,7851.17,66301.33,32.33,51.17,16.00,0.33,0.00
6.67,1.00,1712802.00,126344.67,5379.33,310448.67,35786.17,108012.67,64434.50,108178.33,10771.17,10444.67,13.17,67.17,15.17,4.33,0.00
8.50,0.33,1705824.00,102011.33,4314.67,258584.67,1734.67,150312.00,36397.33,150493.67,16136.50,8977.00,9.17,73.67,15.33,1.67,0.00
6.83,0.00,1038288.67,6483863.33,6213.33,339372.67,687.50,154.33,18992.17,302.17,3434.50,5683.33,62.50,22.67,14.67,0.17,0.00
5.67,0.00,964889.33,6173416.00,8890.67,378239.33,276.17,21958.67,914.33,22147.67,4439.17,6821.17,49.33,35.83,15.00,0.00,0.00
6.17,0.00,960673.33,5718680.67,9334.67,382514.67,142.17,114.17,196.00,242.50,4331.00,8437.17,51.50,33.83,15.00,0.00,0.00
6.67,0.00,1043767.33,5166020.67,9809.33,389426.00,430.17,18191.83,528.17,18544.17,4154.33,7205.50,54.17,31.17,14.67,0.00,0.00
6.17,0.17,947794.67,4696672.00,10096.00,389651.33,73.50,116.00,116.67,224.33,3376.67,6920.00,60.17,25.33,14.67,0.00,0.00
6.33,0.33,946386.67,4470541.33,10798.00,411592.00,1367.50,115.83,2621.33,383.67,4037.83,7513.33,54.50,30.50,15.00,0.00,0.00
5.83,0.17,945746.67,4512968.67,11162.67,414156.67,50.17,115.83,97.33,232.33,3619.00,6819.50,49.83,35.67,14.83,0.00,0.00
6.67,0.00,1697386.00,3231705.33,11556.67,415952.00,178.83,102575.83,239.33,102745.67,4267.83,6566.50,41.00,44.50,14.83,0.00,0.00
6.83,0.17,920430.67,3375084.00,12005.33,415793.33,34.17,117.17,68.67,241.00,3409.50,7077.17,54.67,30.83,14.67,0.00,0.00
6.17,0.00,918480.67,2935840.00,12409.33,417442.67,70.83,118.50,170.67,407.67,3755.17,7637.83,55.67,29.67,15.00,0.00,0.00
5.67,0.00,918092.00,2336448.00,12818.67,417312.67,28.17,118.50,57.33,261.67,2467.17,4452.33,55.00,30.33,14.50,0.00,0.00
5.50,0.00,917451.33,1964395.33,13125.33,418396.67,32.83,119.83,48.50,441.67,3120.17,5777.33,51.67,33.67,14.67,0.17,0.00
5.67,0.00,916944.67,2997613.33,13514.67,423626.67,54.17,119.83,69.83,296.17,3283.67,6538.33,46.83,38.50,14.83,0.17,0.00
7.50,0.67,1095706.00,1702222.67,2116.00,281824.67,32306.83,43283.17,73755.00,43841.00,7649.50,11319.00,28.83,56.00,14.67,0.67,0.00
7.33,0.33,1288592.00,1624440.67,7338.00,298744.00,33431.83,57083.50,68329.67,57387.33,8578.67,15469.83,27.83,54.33,15.00,3.00,0.00
9.33,0.83,1613062.00,104582.00,5110.00,258499.33,8180.17,144658.67,45522.33,144829.83,12450.33,9451.83,16.67,67.83,14.67,0.83,0.00
7.33,0.50,1034184.00,6416167.33,7556.00,340512.00,13317.50,153.67,32947.33,293.50,7146.50,12681.17,54.67,30.50,14.50,0.33,0.00
6.50,0.17,1030301.33,6142085.33,8600.00,379883.33,215.00,123.67,931.50,266.17,3162.00,6128.00,60.00,25.50,14.50,0.00,0.00
7.50,0.17,1101208.00,5698833.33,8866.67,392052.00,116.33,61541.00,224.17,61683.50,4705.00,7212.17,49.00,36.00,14.67,0.17,0.00
8.67,0.17,938273.33,5008433.33,9454.67,402554.67,283.67,124.00,442.83,405.83,2794.00,4566.17,65.17,20.50,14.50,0.00,0.00
7.33,0.00,933265.33,5000842.00,9929.33,407968.00,444.83,124.67,1267.50,362.50,4245.83,8014.17,55.33,30.33,14.67,0.00,0.00
7.00,0.17,932326.67,4630463.33,10421.33,415499.33,119.67,124.67,271.33,265.17,3253.67,5594.00,56.50,29.00,14.50,0.00,0.00
6.67,0.00,931900.00,4434351.33,10772.00,421640.00,32.17,124.50,94.83,306.33,4222.00,7565.83,56.00,29.67,14.50,0.00,0.00
7.33,0.00,931686.67,3935023.33,11077.33,419826.67,31.50,124.50,48.83,277.00,3543.17,6262.17,58.17,27.17,14.67,0.00,0.00
6.83,0.00,931644.00,3077402.00,11324.00,420230.00,45.50,124.50,113.67,222.33,3058.50,5558.33,58.33,27.00,14.50,0.00,0.00
6.83,0.00,931046.67,2304922.67,11662.67,420324.00,58.17,124.33,75.33,490.17,14724.83,55316.17,46.50,37.50,16.17,0.00,0.00
6.50,0.00,922052.00,2805006.67,12080.00,422456.00,58.17,125.83,83.00,384.83,2830.83,5310.00,55.00,30.67,14.50,0.00,0.00
7.33,0.00,921757.33,3558407.33,12337.33,422912.67,26.17,127.17,64.67,377.67,3213.50,6409.67,44.67,40.67,14.67,0.00,0.00
6.83,0.00,921472.67,3811550.00,12682.67,425666.67,48.83,127.00,78.00,382.83,4190.83,7564.33,49.67,35.67,14.67,0.17,0.00
7.50,0.00,921249.33,3807694.00,12989.33,425639.33,42.83,127.00,92.67,257.50,3163.33,6862.50,51.17,34.17,14.67,0.17,0.00
14.00,1.17,1168137.33,104784.00,3714.67,235792.00,10036.17,87954.33,49237.83,88112.17,10993.67,12748.67,15.83,68.50,14.50,0.83,0.00
11.00,0.33,1604260.67,103586.00,4070.00,239118.67,3629.00,150760.83,48637.83,151182.67,12215.33,10099.83,19.00,65.50,14.67,1.00,0.00
9.00,0.00,1027597.33,6454910.00,5914.67,347895.33,720.50,168.00,18324.33,287.17,4469.83,8160.17,64.50,21.00,14.50,0.17,0.00
8.00,0.17,1044127.33,6087550.67,8974.67,387360.67,793.83,62786.67,1981.33,62961.83,6212.00,8230.83,47.00,38.00,14.67,0.33,0.00
7.83,0.00,967201.33,5671648.00,9586.67,395037.33,356.50,131.00,398.67,252.17,6668.67,83356.33,52.00,32.33,15.50,0.00,0.00
9.00,0.00,1335515.33,5242568.00,9974.00,403320.00,615.83,77651.17,972.83,77818.33,4694.33,6857.50,50.67,34.83,14.50,0.00,0.00
7.83,0.00,961668.00,4971110.67,10309.33,411501.33,1092.50,131.50,2103.00,406.67,2749.83,5538.67,64.00,21.67,14.50,0.00,0.00
9.00,0.00,960729.33,4682512.67,10910.67,420847.33,1505.17,131.50,1915.50,276.00,4936.67,8756.67,57.00,28.67,14.33,0.00,0.00
8.17,0.00,959705.33,4277019.33,11210.00,424182.67,78.50,131.50,98.00,353.33,3006.83,5247.83,60.00,25.50,14.33,0.00,0.00
8.83,0.00,959193.33,3497530.67,11552.00,426529.33,47.17,131.33,125.17,417.17,3195.17,5979.83,60.50,25.17,14.33,0.00,0.00
7.83,0.00,959108.00,3915440.67,12013.33,424126.67,45.17,131.33,97.17,323.17,3418.50,6590.33,56.33,29.17,14.33,0.00,0.00
8.83,0.17,958894.67,3896064.00,12396.67,428032.67,71.83,131.33,90.50,649.17,3241.50,6007.67,57.17,28.50,14.33,0.00,0.00
7.83,0.00,957956.00,4755056.67,12650.67,428410.00,59.83,131.17,95.67,281.67,17321.17,42369.33,38.50,46.50,14.83,0.00,0.00
7.83,0.00,931434.67,4008266.00,12882.67,429363.33,35.17,132.00,113.17,271.17,13055.67,53044.67,40.17,45.17,14.50,0.00,0.00
7.83,0.00,931178.67,4334317.33,13256.00,432730.00,63.83,132.00,129.17,391.17,14906.17,55454.00,40.50,44.83,14.50,0.00,0.00
10.67,0.50,968155.33,785218.67,5798.00,253097.33,440.50,14735.17,28239.17,14890.50,10797.33,31709.83,33.83,50.50,14.83,0.17,0.00
11.17,0.50,1052602.00,369913.33,4084.00,250355.33,1104.50,41330.67,47233.50,41655.17,8185.50,27642.50,28.50,55.83,14.50,0.83,0.00
9.67,3.50,1171800.00,128591.33,2681.33,191448.67,1015.50,73570.67,34275.00,73963.33,8076.50,8098.50,32.00,52.67,14.33,0.83,0.00
9.83,0.50,1057136.00,6457962.00,6292.67,319299.33,14029.33,162.83,32196.50,290.00,7672.00,13438.17,50.33,34.67,14.50,0.50,0.00
9.83,0.17,979713.33,6174662.67,8397.33,354076.00,216.83,21980.17,660.33,22326.67,4879.33,7543.00,53.50,32.00,14.33,0.00,0.00
9.83,0.00,976015.33,5566478.67,8982.67,365048.67,116.83,7531.17,163.33,7665.00,4873.00,8506.00,58.17,27.50,14.33,0.00,0.00
9.00,0.00,948468.00,5143459.33,9454.67,373813.33,88.83,135.83,201.50,251.83,3337.50,6049.17,58.33,27.00,14.33,0.00,0.00
8.33,0.17,947998.67,5126438.67,9947.33,374573.33,302.17,135.83,729.33,305.67,3319.67,6758.17,53.83,31.83,14.33,0.00,0.00
8.83,0.17,946932.00,5015876.67,10344.00,390307.33,1300.83,135.83,3045.00,419.00,4079.67,7292.33,51.67,34.00,14.33,0.00,0.00
8.50,0.00,945737.33,3614524.67,10809.33,400202.67,68.83,135.67,413.17,260.33,23701.17,55862.33,35.00,50.17,14.83,0.00,0.00
8.50,0.00,928903.33,3652418.00,11105.33,398676.67,70.83,137.00,90.67,523.67,4311.50,8664.67,55.33,30.33,14.33,0.00,0.00
9.17,0.50,928612.00,3950031.33,11493.33,400894.67,48.67,137.00,90.00,280.83,4095.50,7239.50,47.83,37.83,14.33,0.00,0.00
8.17,0.00,928212.67,4093774.67,11885.33,402310.67,53.33,136.83,80.67,656.17,20502.33,55825.33,35.67,49.83,14.50,0.00,0.00
9.00,0.00,926443.33,4581348.67,12209.33,402886.00,3857.33,136.83,3925.50,306.67,4034.83,6796.67,48.50,37.33,14.33,0.00,0.00
9.83,0.00,908360.00,4684242.00,12530.00,399185.33,30.67,138.00,95.83,273.33,3722.83,6944.33,47.83,38.00,14.33,0.00,0.00
9.83,0.00,908360.00,4050562.00,12833.33,400182.00,38.00,138.00,57.83,276.50,3084.33,6266.33,49.67,36.17,14.33,0.00,0.00
11.33,0.50,1024699.33,169454.67,4840.00,247989.33,13620.00,59988.00,49933.50,60127.83,7586.33,9126.17,29.67,55.67,14.67,0.17,0.00
11.83,0.33,1036744.00,621078.67,4759.33,272959.33,1683.00,36380.67,30195.17,36526.50,5898.00,8407.67,31.17,54.67,14.50,0.33,0.00
9.33,0.17,1032497.33,3319793.33,7461.33,333404.67,14070.50,141.50,35970.33,286.17,7138.33,12311.83,38.67,47.00,14.50,0.17,0.00
6.00,0.17,1030577.33,6314858.00,8872.67,384093.33,86.00,178.17,227.50,293.33,3851.67,7520.33,47.83,36.67,15.00,0.17,0.00
6.00,0.50,1013685.33,6070118.67,9280.67,388053.33,348.00,21986.67,698.33,22132.67,3781.33,5621.50,36.50,49.00,14.83,0.00,0.00
6.33,0.33,1039876.67,5766999.33,9701.33,391330.67,165.33,67884.33,438.67,68006.83,4621.00,6945.50,28.17,57.17,15.00,0.00,0.00
6.00,0.00,940764.00,5089768.67,10101.33,394290.67,57.33,143.17,91.17,283.67,3557.33,6630.33,42.83,42.83,14.83,0.00,0.00
5.33,0.33,939526.67,4560150.00,10731.33,402436.00,90.67,143.17,375.17,299.67,4307.83,8023.50,43.00,42.17,14.83,0.00,0.00
5.83,0.00,1550065.33,4398010.00,11197.33,419700.67,707.33,150403.17,844.50,150930.50,5289.00,7601.17,25.67,59.33,14.83,0.00,0.00
6.67,0.00,1292828.67,4361346.00,11734.67,425111.33,88.00,50424.00,437.67,50557.17,4420.67,7886.83,29.33,55.50,15.33,0.00,0.00
6.00,0.00,1052380.00,3608073.33,12040.00,424688.00,66.67,70461.67,183.17,70745.50,4338.83,6558.00,32.83,52.00,15.17,0.00,0.00
6.33,0.00,1659422.00,2834402.67,12389.33,427620.67,47.17,116130.17,89.83,116263.50,4319.33,7109.33,27.67,57.83,14.67,0.00,0.00
6.17,0.17,923704.67,2412842.00,12922.67,430750.67,48.50,149.67,123.17,514.83,3295.67,5750.67,38.50,46.67,14.83,0.00,0.00
5.50,0.17,923332.67,2144661.33,13339.33,429884.67,55.83,149.50,112.33,436.17,4110.17,7277.00,37.33,48.00,14.67,0.17,0.00
6.00,0.00,1750974.00,731154.67,13714.67,429063.33,63.17,146261.83,125.00,146439.17,19441.33,48204.83,24.17,55.33,20.17,0.00,0.00
5.83,0.00,922680.00,2073462.00,13982.67,428324.67,41.83,152.00,62.33,267.17,23108.67,53983.67,23.33,57.33,19.00,0.17,0.00
7.50,0.33,923212.00,4353362.67,8782.00,310203.33,51.17,151.83,28444.67,651.17,18854.00,51383.83,24.00,56.33,19.33,0.50,0.00
10.17,1.17,1300081.33,1459686.00,5287.33,301622.67,16551.17,73288.50,55532.33,73469.83,15087.33,28389.17,12.67,71.33,14.33,1.67,0.00
9.00,2.17,1358706.00,105788.67,4452.00,241933.33,11938.33,125424.33,54816.67,126118.33,13017.17,28208.00,11.00,73.00,14.83,1.50,0.00
7.50,0.17,1029490.67,6423102.00,7912.00,387214.67,2992.33,195.17,17835.17,340.33,4914.50,8408.50,51.50,33.83,14.50,0.00,0.00
7.33,0.50,967437.33,6108482.00,9246.00,421490.00,1471.17,153.83,3150.17,310.50,4231.00,7504.83,41.67,43.67,14.67,0.00,0.00
7.33,0.00,1021236.67,5693731.33,9732.00,436798.67,129.83,42927.83,192.50,43358.33,4926.17,7505.83,39.33,46.33,14.50,0.00,0.00
7.00,0.67,939828.00,4970875.33,10334.00,440589.33,9101.17,154.17,11481.17,360.67,6424.17,10787.00,46.33,39.00,14.50,0.17,0.00
7.17,0.00,897374.67,4847766.67,10832.67,448088.00,69.83,154.00,92.00,548.00,2043.67,4779.83,51.00,34.67,14.50,0.00,0.00
7.17,0.17,1461664.67,4218892.67,11388.67,456669.33,296.50,85528.67,366.67,85695.33,4377.33,6904.67,37.17,48.33,14.50,0.00,0.00
6.50,0.00,873144.00,4164917.33,11917.33,460775.33,63.83,155.17,86.00,483.83,4331.00,8345.00,43.67,41.50,14.83,0.00,0.00
6.67,0.00,872674.67,3537731.33,12348.00,461193.33,77.17,155.17,99.17,330.50,3233.00,5912.00,50.00,35.83,14.50,0.00,0.00
6.83,0.17,872376.00,3209630.00,12670.67,460740.67,67.83,155.00,89.83,284.33,4172.00,7781.50,45.17,40.50,14.33,0.00,0.00
8.00,0.00,1598128.67,2614749.33,13118.67,466513.33,67.17,153365.33,104.50,153534.67,4969.50,7054.00,32.00,53.33,14.33,0.00,0.00
7.83,0.00,870184.00,3131957.33,13389.33,462034.67,58.50,157.17,196.50,290.33,3522.50,6461.33,41.00,44.50,14.50,0.00,0.00
7.00,0.00,869844.00,3186119.33,13760.00,462058.67,33.83,157.17,55.83,281.83,2911.33,5782.33,42.33,43.33,14.67,0.00,0.00
6.83,0.00,869716.00,3638152.67,14046.67,468705.33,44.50,157.00,72.50,273.67,3526.17,6720.33,37.67,48.00,14.50,0.00,0.00
6.83,0.50,869417.33,2785840.67,14432.67,468217.33,60.50,157.00,129.83,353.00,3966.17,7276.00,40.50,45.00,14.67,0.00,0.00
7.17,0.00,927796.00,4008152.67,8407.33,381434.00,541.83,157.00,16318.50,305.67,21417.33,53823.17,22.83,60.00,16.50,0.17,0.00
10.17,1.83,1375912.67,101940.67,4184.67,244574.00,1265.83,138701.00,38964.00,138900.33,11988.67,14428.67,13.33,72.17,14.00,0.83,0.00
8.67,0.00,891754.67,6364343.33,12858.00,363402.67,223.50,189.00,14661.67,1627.83,4889.83,8445.00,57.83,27.83,14.17,0.00,0.00
9.00,0.00,891382.67,5560184.00,17462.67,865394.00,488.17,158.50,16636.50,24128.00,4218.17,8010.00,54.67,30.83,14.00,0.17,0.00
7.83,0.00,888737.33,5111050.67,19149.33,1011838.00,394.83,158.33,605.67,300.17,23602.50,60740.00,32.67,51.00,16.17,0.00,0.00
7.67,0.00,967115.33,4753245.33,19594.67,1014190.67,113.50,14656.00,289.83,14817.17,4156.17,8142.50,44.33,41.33,14.17,0.00,0.00
9.83,0.33,1504314.00,3839956.67,20053.33,1014881.33,74.83,185584.83,344.67,185934.67,5021.00,6306.33,34.50,50.67,14.33,0.17,0.00
8.33,0.00,863601.33,4081108.00,20512.00,1021063.33,227.50,160.83,718.83,295.17,3503.00,6770.17,52.00,33.67,14.33,0.00,0.00
8.50,0.00,863388.00,3811050.00,20943.33,1021048.67,40.17,160.67,120.00,331.83,3832.00,7476.00,52.50,33.33,14.00,0.00,0.00
8.00,0.00,859009.33,2825446.00,21274.67,1020025.33,35.50,162.00,58.67,289.83,2968.33,5788.00,54.50,31.33,14.00,0.00,0.00
8.00,0.00,858790.67,2696906.67,21565.33,1020342.67,56.17,162.00,118.00,487.00,3011.83,5237.83,57.33,28.33,14.17,0.00,0.00
7.50,0.17,858498.00,3229566.00,21901.33,1023556.67,56.17,161.83,127.33,304.33,3884.50,7376.50,47.00,38.67,14.00,0.00,0.00
9.67,0.33,858199.33,3731126.67,22332.00,1023118.67,1074.17,161.83,2682.67,317.00,3845.00,6795.00,42.00,43.50,14.17,0.00,0.00
8.33,0.00,855292.00,3462892.00,22716.00,1039950.00,194.83,161.83,413.50,403.50,3040.83,5389.50,44.17,41.50,14.17,0.00,0.00
8.00,0.00,857828.00,3442665.33,22709.33,561501.33,56.17,304.33,1203.33,438.17,2872.17,6250.33,43.00,42.67,14.00,0.00,0.00
11.67,0.50,973328.67,1697456.00,3426.00,262452.00,19718.83,25451.67,62680.33,25594.00,8685.33,12388.50,24.83,58.83,14.17,1.50,0.00
13.67,0.33,1054831.33,136086.67,2135.33,255838.00,316.33,89211.00,33783.33,89392.17,7999.17,7347.67,17.00,68.00,14.17,0.83,0.00
9.17,0.33,1409794.00,692973.33,3950.00,249992.67,373.67,119622.00,17288.50,119764.50,8786.17,7453.17,27.17,57.50,14.83,0.33,0.00
10.33,0.33,934485.33,6379874.00,4633.33,311138.67,8469.17,186.17,16324.83,319.17,5943.17,10585.50,54.17,31.83,14.17,0.00,0.00
9.17,0.00,890504.00,6149470.67,4896.00,323556.67,151.83,164.33,519.17,303.50,4078.83,7563.17,54.67,31.67,14.00,0.00,0.00
8.83,0.33,914364.67,5627764.67,5319.33,342428.67,1691.83,21604.17,2691.83,21782.67,4026.17,6129.83,56.17,29.50,14.17,0.00,0.00
8.83,0.17,878822.67,5237050.00,5793.33,350419.33,147.83,165.00,375.50,269.50,4163.83,7677.67,56.83,29.17,14.00,0.00,0.00
8.50,0.17,872158.67,4945048.67,6063.33,352711.33,128.50,165.67,173.83,316.00,3061.50,5567.33,55.33,30.67,14.00,0.00,0.00
9.67,0.00,919632.00,4479495.33,6456.67,355468.67,768.50,33970.17,1797.17,34152.67,4682.17,7724.83,47.67,38.33,14.17,0.00,0.00
8.67,0.00,864710.67,3941665.33,6794.00,356991.33,91.83,166.67,157.83,363.17,3211.00,6114.67,54.33,31.67,14.17,0.00,0.00
9.17,0.00,1436368.67,3734250.67,7154.00,356270.00,35.83,119241.00,60.50,119417.33,5332.00,8610.17,40.83,45.33,14.17,0.00,0.00
8.83,0.00,1421735.33,3317270.67,7484.67,357519.33,65.17,127414.17,127.17,127563.33,14284.33,46948.67,33.17,52.83,14.33,0.00,0.00
9.50,0.00,860568.67,5408336.00,7813.33,355153.33,53.17,169.33,77.00,325.83,22908.33,51277.67,31.17,55.00,14.00,0.00,0.00
9.33,0.00,860346.00,3546666.67,8153.33,359113.33,80.50,169.33,117.00,351.00,14564.67,38207.17,34.67,51.17,14.17,0.17,0.00
8.67,0.00,860089.33,2299175.33,8507.33,357884.00,80.50,169.17,145.00,328.33,20832.00,52027.67,32.00,53.83,14.50,0.00,0.00
8.00,0.00,859904.67,3415329.33,8818.67,357786.00,57.83,169.17,81.67,323.00,23078.33,50246.17,27.17,58.50,14.50,0.00,0.00
9.00,0.00,859618.00,3515946.67,9201.33,360153.33,57.17,169.00,111.00,347.50,20495.00,53774.83,32.67,52.83,14.33,0.00,0.00
9.83,0.17,859656.00,1759945.33,9504.67,358629.33,63.83,316.33,137.67,442.17,16058.33,36848.83,33.00,52.83,14.00,0.00,0.00
8.00,0.00,860244.00,2060359.33,9960.00,361995.33,91.83,169.00,115.67,316.00,20000.67,57599.17,32.17,53.33,14.50,0.00,0.00
10.00,0.00,859127.33,6300823.33,10278.67,361974.00,75.17,190.33,99.00,292.00,26995.83,58729.17,31.67,54.50,13.83,0.00,0.00
9.50,0.17,878856.00,6130416.00,10597.33,362238.67,39.00,2792.33,62.83,2916.83,4520.67,8193.00,48.67,37.50,14.00,0.00,0.00
9.00,0.00,859508.00,5514934.00,10896.00,364270.67,32.33,170.17,56.17,312.67,2752.33,4765.83,54.50,31.83,13.83,0.00,0.00
9.83,0.17,859108.00,5318626.00,11196.67,365711.33,33.67,170.67,72.17,318.33,3508.50,7257.33,53.00,33.50,13.83,0.00,0.00
9.83,0.00,1263599.33,4709056.00,11594.00,363769.33,49.67,63069.17,155.50,63267.00,21305.67,50044.83,30.50,55.00,14.67,0.00,0.00
10.33,0.00,858416.00,4384723.33,11924.00,363486.00,44.33,172.33,77.50,288.83,3048.33,5525.83,50.00,35.83,14.17,0.00,0.00
11.00,0.00,858652.00,3807840.67,12213.33,362369.33,29.67,173.00,68.17,315.50,4552.17,8630.83,50.00,36.33,13.83,0.00,0.00
10.00,0.00,1522095.33,4004025.33,12485.33,362422.67,36.33,146839.17,60.17,146941.00,5078.50,7838.00,36.50,49.33,14.50,0.00,0.00
10.00,0.00,1465423.33,2546560.00,12737.33,364049.33,35.67,130577.17,59.33,130741.67,3844.17,5446.83,42.33,43.67,14.00,0.00,0.00
9.50,0.17,856667.33,4922145.33,13024.00,362876.00,45.67,177.00,69.33,284.17,3368.33,6468.67,45.00,41.00,13.83,0.00,0.00
9.50,0.00,856488.67,4669025.33,13337.33,365474.67,36.33,177.00,72.00,338.67,23249.33,52625.17,27.67,57.83,14.50,0.00,0.00
8.50,0.17,856231.33,4771959.33,13608.00,363245.33,59.67,176.83,83.33,302.67,21466.67,57493.67,29.67,55.00,15.33,0.00,0.00
9.67,0.00,856094.67,3270113.33,13886.67,363252.00,27.67,176.83,51.33,322.50,3208.00,5578.00,43.67,42.67,13.83,0.00,0.00
13.83,0.83,907109.33,904820.67,5243.33,217748.00,2361.00,23064.00,44309.67,23222.50,6542.33,9286.00,28.83,57.17,13.83,0.00,0.00
12.00,0.33,1021100.67,1169334.00,4351.33,263245.33,1482.33,35520.83,32853.50,35668.50,7306.33,10566.67,26.17,59.67,13.83,0.33,0.00
9.33,0.50,997440.00,2218947.33,8290.00,351006.67,501.00,177.50,16665.33,318.67,4397.67,7826.17,40.67,45.33,14.00,0.00,0.00
6.67,0.00,995690.67,6433201.33,9174.67,378199.33,406.33,224.67,652.00,357.83,4556.83,8534.83,41.67,43.17,15.00,0.00,0.00
7.83,0.17,976567.33,6110293.33,9533.33,402364.67,191.67,22022.83,343.50,22156.67,4703.50,7715.33,29.67,55.33,14.83,0.00,0.00
9.67,0.17,1087838.00,5697669.33,10002.67,404120.00,729.00,65713.50,1066.33,65872.67,5538.17,7599.50,24.17,60.17,15.33,0.17,0.00
7.33,0.33,910101.33,4975429.33,10316.00,413675.33,2786.33,177.83,4169.50,331.67,3829.67,6856.50,39.50,45.67,14.67,0.00,0.00
6.67,0.00,894352.00,4681688.67,10941.33,421422.67,124.33,178.50,246.17,315.67,3610.17,6730.50,34.67,50.17,15.17,0.00,0.00
7.17,0.00,894096.00,4693994.67,11288.00,422074.67,63.67,178.33,118.50,312.17,3857.83,6864.00,31.00,53.67,15.33,0.00,0.00
6.67,0.00,893584.00,4364860.00,11638.00,420658.00,51.00,178.33,104.83,316.17,3816.33,6934.17,31.17,53.50,15.50,0.17,0.00
6.00,0.17,886684.67,4196596.67,12106.67,422149.33,52.33,179.67,77.50,337.33,3259.33,6614.00,33.67,51.50,15.17,0.00,0.00
6.33,0.33,886048.67,3205624.00,12621.33,425829.33,317.67,179.50,658.17,360.67,3697.50,6613.50,37.67,47.50,14.67,0.17,0.00
8.17,0.00,1464251.33,3042883.33,13015.33,428070.67,222.33,126812.33,325.33,126956.17,4925.67,7407.50,22.33,62.67,15.17,0.00,0.00
6.83,0.17,883010.00,3344058.00,13334.67,428750.67,79.67,180.67,184.17,324.50,4096.83,7563.83,26.67,58.17,15.00,0.00,0.00
7.17,0.00,1568661.33,2081470.00,13744.00,426540.67,57.00,171629.50,81.33,171732.00,5378.33,7586.67,20.00,65.00,15.17,0.17,0.00
7.00,0.00,882096.00,3905717.33,14116.00,427854.00,40.33,182.00,84.00,363.83,3400.00,6615.50,25.67,59.17,15.00,0.17,0.00
7.33,0.83,1015009.33,3553013.33,4146.67,248657.33,5388.33,5893.33,47512.33,6106.50,8312.00,18578.00,14.83,69.17,14.50,1.50,0.00
11.00,1.17,1233936.67,678604.67,4916.67,275784.00,26048.33,65719.33,61262.33,65911.67,9774.67,12245.17,14.83,67.50,14.83,2.50,0.00
10.83,0.83,1368096.67,102173.33,4953.33,230401.33,1831.83,120778.33,43540.67,120958.00,9721.33,9515.33,11.33,73.17,13.83,1.17,0.00
7.67,0.17,995716.00,6505671.33,6874.00,314580.00,568.17,218.17,14549.67,367.33,3859.83,7197.50,44.83,40.33,14.67,0.33,0.00
8.17,0.17,995395.33,6221142.67,9334.00,357898.00,324.17,35475.67,512.50,35627.50,5608.83,7880.00,32.83,52.00,15.00,0.00,0.00
8.83,0.00,976868.00,5635504.67,9789.33,376227.33,1166.83,11329.83,2721.83,11501.67,5239.83,8409.00,43.50,41.67,14.50,0.17,0.00
7.50,0.17,898078.67,5068652.00,10203.33,384525.33,348.83,186.17,638.67,344.00,3887.00,7711.50,42.50,43.33,14.67,0.00,0.00
7.50,0.17,897694.67,4829666.00,10564.00,387539.33,92.83,186.00,136.67,367.83,3530.83,6713.50,42.17,43.83,14.00,0.00,0.00
8.50,0.00,892916.00,5070886.67,10905.33,387662.00,70.17,186.00,136.83,332.50,3073.83,6167.50,36.83,48.67,14.67,0.00,0.00
8.33,0.17,892913.33,3664407.33,11396.67,402613.33,530.83,1674.50,1586.83,1847.00,2734.50,5665.33,41.50,44.00,14.33,0.00,0.00
8.17,0.17,839667.33,3220685.33,11902.00,429206.67,44.83,187.17,325.33,364.33,3351.67,6091.00,44.00,42.00,14.00,0.00,0.00
7.67,0.00,839566.00,3389500.00,12237.33,427208.00,44.83,187.17,138.67,343.67,2944.33,5800.67,37.00,48.83,14.17,0.00,0.00
7.67,0.00,839319.33,2604442.67,12574.67,431512.00,98.17,187.00,129.83,332.83,2888.83,5368.67,40.50,45.17,14.33,0.00,0.00
7.33,0.00,839014.00,2774184.67,13091.33,430115.33,118.83,187.00,357.17,441.50,25381.33,60363.67,28.33,55.67,16.00,0.00,0.00
7.67,0.17,838662.67,3296577.33,13442.67,433079.33,57.50,186.83,102.50,313.33,3367.67,6544.00,34.17,51.17,14.33,0.00,0.00
7.67,0.00,838367.33,2827033.33,13734.67,433762.67,48.83,186.83,79.17,318.00,3937.00,7709.67,36.00,49.83,14.00,0.00,0.00
12.33,1.00,954143.33,864864.67,5525.33,269470.00,14544.83,45686.00,50162.67,45777.83,8442.33,11045.67,20.17,64.50,14.17,0.83,0.00
8.17,0.00,875308.00,3387684.67,8291.33,377892.67,57.67,187.00,8411.00,323.33,3657.33,6373.17,34.50,51.17,14.17,0.17,0.00
9.67,0.17,1313778.67,102607.33,7490.00,332972.00,10553.00,127180.33,12737.67,127374.17,10368.67,8378.33,17.67,67.17,14.50,0.67,0.00
8.50,0.33,941508.00,6436688.00,7204.00,316616.67,187.00,215.00,17109.83,350.17,4275.83,7819.00,50.33,35.83,14.00,0.00,0.00
9.17,0.17,939966.67,6187357.33,9053.33,356695.33,8893.00,188.50,11171.50,327.67,5509.33,9824.00,42.83,43.17,14.00,0.00,0.00
9.83,0.17,938814.67,5620131.33,9597.33,365636.67,195.67,188.50,826.67,319.50,3202.00,6788.17,47.67,38.83,13.67,0.00,0.00
8.83,0.17,1137944.00,5349016.00,9918.67,366774.67,117.00,80511.83,208.00,80640.33,4559.50,6862.33,38.67,47.50,13.83,0.00,0.00
8.17,0.00,1184281.33,4895688.67,10465.33,382094.67,41.67,124261.67,925.33,124446.83,5354.50,8191.50,38.50,47.50,14.00,0.17,0.00
9.00,0.00,959252.67,4337524.67,10852.00,385778.67,101.67,58899.17,251.17,59009.00,4933.33,7746.67,43.17,43.00,14.00,0.00,0.00
8.83,0.17,876492.00,3849844.67,11161.33,386055.33,61.00,191.00,87.33,335.50,3368.33,7037.50,49.33,37.00,13.83,0.00,0.00
8.50,0.17,875766.67,3289976.00,11605.33,391205.33,808.33,190.83,1237.50,366.67,4176.67,7831.17,45.67,40.83,13.83,0.00,0.00
9.17,0.00,870622.67,4085936.00,11944.00,395428.67,57.67,192.17,132.50,334.00,4123.67,8069.67,41.00,45.00,14.17,0.00,0.00
9.17,0.00,870360.67,4396544.67,12286.67,395572.67,59.67,192.17,136.50,330.50,3259.50,5951.83,41.00,45.17,14.00,0.00,0.00
9.17,0.00,870085.33,4569260.00,12738.67,395124.67,45.67,192.00,71.83,344.50,2680.50,4864.33,40.83,45.17,13.83,0.00,0.00
8.83,0.17,869829.33,3927350.67,12977.33,396456.00,49.67,191.83,83.83,313.67,3512.50,6545.33,45.50,41.00,13.67,0.00,0.00
9.17,0.00,866078.00,4185360.00,13264.00,396082.67,55.00,191.83,81.17,293.67,2906.00,5173.83,42.50,43.50,14.17,0.00,0.00
13.33,1.33,1019320.00,112765.33,6100.00,252135.33,18897.67,70321.67,57783.00,70508.17,8860.17,11153.67,19.17,66.17,13.67,1.00,0.00
9.67,0.33,941016.00,3835223.33,7590.00,329777.33,7867.83,193.00,19287.50,354.67,5058.67,8454.50,34.83,51.17,13.67,0.33,0.00
13.17,0.17,1160566.67,103530.00,4398.67,236302.00,699.33,92527.50,40166.67,92758.00,8340.67,8946.33,19.33,66.17,13.67,0.50,0.00
10.67,0.00,990929.33,6421499.33,6520.67,402056.67,1092.33,222.83,15343.50,365.33,4144.17,8078.17,52.67,33.67,13.83,0.17,0.00
10.33,0.00,966381.33,6157970.67,9193.33,437262.00,380.33,194.17,648.50,302.67,4667.67,8611.67,46.50,39.50,14.00,0.00,0.00
9.50,0.00,963568.00,5591092.00,9554.67,434440.67,195.67,194.33,284.83,310.83,3404.00,6958.67,54.00,32.17,13.67,0.00,0.00
10.17,0.00,957422.67,5340206.67,9900.00,441209.33,321.00,194.33,973.50,331.50,5999.17,13296.00,45.33,40.83,13.67,0.17,0.00
10.67,0.00,956654.67,5230158.67,10170.67,451902.00,190.33,194.33,229.50,330.17,3756.17,6742.17,49.00,37.50,13.83,0.00,0.00
9.50,0.00,955929.33,4539414.67,10525.33,459808.67,143.67,194.17,372.83,342.67,3845.67,7231.33,49.83,36.17,13.67,0.00,0.00
9.67,0.00,955076.00,4041563.33,10844.00,456823.33,60.33,194.17,138.83,321.33,2752.83,5646.00,51.00,35.67,13.50,0.00,0.00
9.33,0.00,889781.33,4164594.00,11434.67,457387.33,175.00,194.50,470.17,373.00,2978.83,7191.17,47.00,39.17,13.50,0.17,0.00
9.50,0.00,889568.00,4857319.33,11782.67,460351.33,63.67,194.33,158.17,337.50,3571.17,7357.67,43.50,42.83,13.67,0.00,0.00
10.00,0.00,883044.00,5079204.67,12141.33,464201.33,225.67,195.50,274.83,370.67,3241.00,6466.83,45.33,41.00,13.83,0.00,0.00
10.83,0.00,1093446.00,3221586.00,12486.67,463620.00,43.00,86028.00,70.17,86171.83,5357.00,7956.67,40.17,46.17,13.83,0.00,0.00
9.17,0.17,879915.33,4026912.00,12784.00,462836.00,46.33,196.67,73.33,328.50,3420.00,6273.83,46.17,40.00,13.83,0.00,0.00
9.83,0.17,879615.33,2713849.33,13095.33,462923.33,64.33,196.50,108.00,357.67,3394.67,6855.00,41.67,45.00,13.50,0.00,0.00
12.83,0.17,922438.00,316149.33,5233.33,275489.33,2511.00,19271.17,38470.67,19449.00,6237.83,9571.50,33.33,52.83,13.67,0.17,0.00
12.00,0.67,1011957.33,882328.00,2164.00,263744.67,1493.67,17233.17,28248.17,17399.00,5640.83,9099.83,31.17,54.83,13.83,0.17,0.00
12.17,0.67,1013210.00,617124.67,5053.33,258560.00,746.17,24205.67,26254.83,24420.83,5745.83,8570.00,29.67,56.33,13.67,0.17,0.00
11.17,0.17,1003335.33,6497109.33,6711.33,356606.00,895.50,238.00,17135.17,373.17,4142.00,6932.33,47.17,38.33,14.33,0.33,0.00
11.33,0.17,969447.33,6154440.00,9423.33,415100.00,1245.50,22044.00,3138.33,22341.17,5039.50,8067.17,40.00,45.83,14.17,0.00,0.00
12.33,0.00,912106.67,5609129.33,9840.67,422548.00,154.83,199.17,196.33,324.33,3887.50,7523.33,46.67,40.00,13.67,0.00,0.00
11.33,0.17,1221892.00,5243256.67,10352.67,423898.00,1164.83,99533.67,1392.00,99701.50,6010.33,8403.17,36.67,49.50,13.67,0.17,0.00
10.83,0.00,897572.00,5019466.67,10696.00,449202.00,76.17,199.67,154.83,330.83,4057.33,8371.50,47.50,38.83,13.67,0.00,0.00
10.33,0.00,896889.33,4525119.33,11112.00,453291.33,102.17,199.50,167.33,381.50,4238.33,7783.33,43.17,42.83,14.33,0.00,0.00
10.00,0.00,883418.67,4563594.67,11552.00,451198.00,93.50,199.83,125.67,377.67,3853.83,7637.33,41.83,44.67,13.50,0.00,0.00
9.83,0.17,882608.00,4473191.33,12049.33,451230.67,76.83,199.83,139.17,361.67,23570.67,54929.67,26.17,59.17,14.83,0.00,0.00
11.33,0.00,873900.00,4241366.67,12358.67,451859.33,102.17,201.00,167.00,293.50,4427.67,8658.17,39.50,46.50,14.00,0.17,0.00
10.83,0.00,873345.33,4247452.00,12666.67,454752.00,76.17,201.00,156.17,367.50,3605.67,6715.67,39.83,46.83,13.83,0.00,0.00
11.67,0.00,872918.67,4570969.33,12991.33,454475.33,70.17,200.83,98.33,359.33,3960.33,7575.17,41.33,45.00,13.67,0.00,0.00
11.67,0.00,1007900.67,2304578.67,13355.33,457448.67,52.83,66718.17,142.17,66957.33,5626.67,8095.67,37.33,48.67,14.17,0.00,0.00
10.83,0.00,870582.00,2383613.33,13734.67,453399.33,73.50,202.00,119.50,341.83,3898.50,7405.17,38.33,48.33,13.67,0.00,0.00
10.83,0.50,967469.33,609420.67,13271.33,427050.67,54.17,60473.33,104.17,60638.50,5768.33,6364.17,31.67,54.00,14.00,0.17,0.00
13.17,1.00,935452.00,439062.67,6609.33,251947.33,613.83,43010.17,29147.83,43158.00,6139.50,7864.50,26.17,60.00,13.50,0.33,0.00
14.00,0.50,929448.00,603171.33,5148.67,241159.33,1077.17,22179.33,27904.83,22349.17,6165.17,8346.17,27.17,59.00,13.50,0.33,0.00
8.67,0.17,942947.33,6364344.67,8191.33,368634.00,970.67,240.67,15981.50,396.50,4977.17,9287.00,34.67,49.83,15.33,0.17,0.00
7.33,0.17,940541.33,6122548.67,9436.67,406577.33,725.33,206.00,1644.83,384.50,3623.67,6965.33,27.33,57.67,15.00,0.00,0.00
8.17,0.17,936018.67,5628676.00,9816.00,420655.33,85.33,206.00,146.33,291.17,3542.17,6621.67,29.67,55.50,14.83,0.00,0.00
8.67,0.17,935549.33,4971325.33,10136.67,419927.33,779.33,205.83,1767.83,345.00,3003.50,5435.83,34.33,50.67,15.00,0.17,0.00
7.33,0.00,934994.67,4955340.00,10468.00,431913.33,290.00,205.83,378.17,369.00,3944.00,8052.00,28.50,56.17,15.17,0.00,0.00
6.17,0.00,1452304.00,4539326.67,10861.33,433123.33,85.33,83277.00,243.50,83444.83,21484.83,56564.00,17.67,64.33,17.83,0.00,0.00
7.50,0.17,841796.00,4297863.33,11185.33,433146.67,96.67,206.83,152.17,362.67,3544.83,7190.17,31.83,53.17,15.17,0.00,0.00
8.17,0.00,841540.00,3181433.33,11643.33,437602.67,95.83,206.67,211.00,362.50,3333.00,6462.67,32.00,52.17,16.00,0.00,0.00
8.00,0.00,840648.67,3178827.33,12047.33,435007.33,76.50,5928.67,172.17,6103.17,3875.17,6871.17,28.17,56.33,15.00,0.00,0.00
8.17,0.00,834255.33,2928012.00,12507.33,439292.00,91.83,209.33,693.83,351.17,3004.00,5910.17,27.00,58.17,15.17,0.00,0.00
8.83,0.00,833978.00,4448966.00,12872.00,444460.67,45.83,209.17,126.17,296.33,4319.17,8366.33,23.50,61.50,15.00,0.00,0.00
6.50,0.00,833714.00,3618684.00,13162.67,442068.00,53.83,209.17,121.33,360.33,3597.67,6787.17,22.33,62.50,15.00,0.00,0.00
8.33,0.17,833464.67,4385355.33,13568.00,440936.67,53.17,209.00,137.33,364.17,3257.00,6715.83,23.33,61.83,15.00,0.00,0.00
8.50,1.17,1064155.33,1576977.33,6713.33,275324.00,35950.50,42080.33,71474.67,42272.33,9283.50,12830.00,13.67,69.17,15.50,1.50,0.00
11.00,1.00,1168106.67,102066.67,2607.33,215113.33,1207.33,95761.17,27064.50,95907.00,8957.17,8009.83,9.33,75.67,13.33,1.17,0.00
8.83,0.00,937673.33,3223442.67,3557.33,359468.67,918.33,212.67,14894.33,364.50,4645.33,8605.17,19.50,64.83,15.17,0.50,0.00
8.50,0.17,936209.33,6312012.67,4338.67,388874.00,235.50,239.33,373.00,405.17,4327.33,7918.33,41.50,43.83,14.50,0.00,0.00
7.83,0.00,941844.00,6078746.67,4828.00,399482.00,107.50,22058.00,195.17,22188.50,3869.17,6176.33,35.33,50.33,14.33,0.00,0.00
9.33,0.00,870096.00,5521367.33,5198.67,400456.67,720.17,6768.50,984.33,6929.00,4031.83,7094.17,39.33,46.00,14.83,0.00,0.00
8.33,0.00,859438.67,5037236.00,6534.00,409360.67,346.83,213.50,1477.67,386.00,3473.33,7141.83,40.83,44.83,14.50,0.00,0.00
9.33,0.17,858884.00,5017680.67,7046.67,419103.33,128.83,213.50,216.33,374.67,3713.83,6679.33,32.67,52.83,14.50,0.00,0.00
7.50,0.00,858500.00,4850332.00,7604.00,420621.33,52.83,213.33,113.67,382.50,28994.33,68119.33,17.17,67.67,15.67,0.00,0.00
7.67,0.00,858158.67,4234302.67,7860.67,418353.33,72.83,213.33,159.00,353.17,4142.33,7986.67,46.00,40.33,13.83,0.00,0.00
8.17,0.00,857945.33,3456530.67,8368.67,428607.33,474.83,213.17,2212.67,376.33,4045.33,7457.33,38.17,47.67,14.17,0.00,0.00
8.33,0.17,857604.00,4122690.00,8802.67,433552.00,54.17,213.17,126.33,367.00,2548.17,5657.33,31.00,54.50,14.33,0.00,0.00
8.00,0.00,857348.00,3535382.00,9153.33,434652.67,56.17,213.00,97.00,302.83,3542.50,7012.33,30.83,54.83,14.33,0.17,0.00
8.33,0.33,857049.33,4445632.00,9554.67,432363.33,50.83,212.83,232.83,399.50,3298.83,6280.67,29.50,55.83,14.50,0.00,0.00
8.50,0.00,856665.33,4295769.33,9905.33,433122.00,73.50,212.83,102.83,379.33,3848.83,8350.17,31.17,55.00,14.00,0.00,0.00
8.67,0.00,856324.00,3605395.33,10214.67,436270.00,54.17,212.67,169.50,355.83,3712.83,7542.00,31.83,54.17,14.17,0.00,0.00
9.00,0.00,888280.67,1717196.67,4506.67,247120.67,2666.17,10674.50,27162.17,10830.33,5717.17,9140.17,24.17,60.83,14.67,0.33,0.00
11.50,1.67,1047871.33,200884.67,3433.33,230585.33,1186.83,84634.33,47164.33,84794.33,7325.17,7981.17,14.50,70.83,13.50,1.00,0.00
13.33,0.50,1071479.33,190291.33,2884.67,213187.33,1533.50,73261.83,40809.17,73429.17,6674.83,8236.50,15.17,70.50,13.50,1.00,0.00
9.00,0.17,928397.33,6424916.00,8378.67,353887.33,512.17,234.33,10245.67,366.83,3925.17,7508.33,47.33,38.50,13.83,0.17,0.00
9.33,0.17,931830.00,6105570.00,9564.00,399381.33,533.00,22063.00,3624.50,22240.83,3739.17,6009.83,39.50,46.33,14.00,0.00,0.00
8.67,0.00,919658.67,5548201.33,10050.67,408517.33,213.00,217.83,343.17,406.33,4007.67,8085.67,47.33,39.17,13.17,0.00,0.00
10.00,0.00,1211830.67,5199205.33,10426.67,410312.00,178.17,89001.17,250.50,89183.67,5064.67,7706.17,34.67,51.67,13.50,0.17,0.00
10.17,0.00,891908.00,5303387.33,10760.00,411952.00,84.83,219.00,161.83,340.17,3091.17,6209.00,38.00,48.33,13.67,0.17,0.00
9.50,0.00,890670.67,4688410.67,11040.00,412638.67,77.50,218.83,157.33,322.00,4334.50,8308.17,46.33,39.50,14.00,0.00,0.00
9.50,0.33,890500.00,4078776.00,11538.67,415958.00,156.17,218.67,248.50,370.67,2882.17,5439.67,40.33,45.83,13.50,0.00,0.00
10.17,0.17,885321.33,4330522.67,12002.67,430378.67,740.83,219.00,961.00,332.33,3192.67,5774.17,36.67,49.67,13.50,0.00,0.00
10.00,0.00,884980.00,4607947.33,12382.00,434272.67,52.83,219.00,83.83,366.83,3134.33,6439.00,36.83,49.67,13.67,0.00,0.00
10.50,0.17,884510.67,4801173.33,12788.00,431476.67,70.83,218.83,105.83,346.67,4074.83,7790.17,37.17,48.67,13.83,0.00,0.00
10.17,0.17,884340.00,4175264.00,13108.00,433364.67,50.17,218.83,80.33,360.67,3309.67,5965.83,36.17,50.00,13.67,0.00,0.00
9.17,0.00,884126.67,3877839.33,13397.33,431831.33,108.17,218.67,210.33,389.17,3781.83,6735.00,33.67,52.00,14.33,0.00,0.00
9.67,0.17,883956.00,3523759.33,13717.33,434426.67,54.83,218.50,85.67,353.17,3759.00,7239.00,34.33,52.00,13.50,0.00,0.00
11.17,0.17,972832.67,195504.00,4956.00,245234.67,16454.83,43568.50,37699.83,43740.33,7046.67,8600.17,25.67,60.17,13.67,0.33,0.00
11.17,0.17,1046592.00,440528.00,3978.00,314552.00,137.33,71772.83,10319.00,71912.67,8987.17,7190.17,22.00,63.67,13.67,0.50,0.00
13.17,0.17,1005604.67,385385.33,1433.33,207342.00,329.83,56715.50,31405.67,56888.00,6023.00,8042.33,23.50,62.33,13.33,0.50,0.00
11.50,0.00,947730.00,6452329.33,2470.67,331107.33,767.50,235.33,19033.50,381.17,4594.33,8234.67,46.33,40.00,13.67,0.17,0.00
10.83,0.33,948726.67,6192706.67,4540.67,373297.33,534.83,22067.33,2982.50,22231.83,4343.50,7147.33,44.17,41.83,13.83,0.00,0.00
10.83,0.17,939736.00,5552012.67,4930.67,389265.33,7937.50,222.00,9585.67,379.83,5904.50,10529.17,46.50,40.17,13.17,0.17,0.00
11.83,0.33,937773.33,5233745.33,5221.33,394190.67,123.50,221.83,386.33,372.50,4036.17,7574.83,47.33,39.50,13.17,0.00,0.00
10.50,0.00,974401.33,4853266.00,5589.33,399672.00,638.83,26843.17,1167.17,27024.33,4200.50,6601.67,40.00,46.17,13.83,0.00,0.00
10.83,0.00,1566590.67,4232283.33,5925.33,409176.67,76.17,134775.67,229.67,134906.17,4755.67,7608.00,40.33,46.50,13.33,0.00,0.00
10.00,0.50,871040.00,3926228.67,6236.00,409184.00,76.17,223.67,186.67,380.83,2905.17,5432.00,47.17,39.17,13.50,0.00,0.00
11.17,0.17,1186446.00,3651506.00,6580.67,411433.33,727.50,98584.33,1038.83,98747.50,5201.67,7920.33,35.50,50.50,13.67,0.17,0.00
11.17,0.00,1081168.00,3715128.00,6902.67,413224.67,82.83,93556.83,113.67,93689.33,5781.67,8322.83,35.00,51.33,13.67,0.00,0.00
10.33,0.00,864656.00,4695262.67,7256.00,410524.00,67.50,226.00,110.33,376.67,3488.17,6494.33,40.17,46.50,13.50,0.00,0.00
10.83,0.17,1070536.67,3015095.33,7574.67,415055.33,50.17,94536.67,81.00,94658.50,4782.67,6332.50,37.83,48.67,13.67,0.00,0.00
10.83,0.00,862013.33,3979317.33,7866.67,416222.67,47.50,227.17,79.00,349.00,3022.17,5916.50,44.33,42.67,13.17,0.00,0.00
11.33,0.00,861420.67,3269128.00,8120.00,413014.00,58.83,228.33,145.50,373.00,3215.50,6201.50,39.67,47.00,13.50,0.00,0.00
11.67,0.17,933796.00,320712.00,4465.33,263099.33,4292.67,41709.00,33686.83,41842.17,6381.33,8972.00,30.17,56.33,13.17,0.33,0.00
11.50,0.00,974104.67,1046251.33,7156.67,353382.00,346.33,31270.50,13762.67,31435.67,5366.83,7500.83,34.00,52.50,13.33,0.17,0.00
12.83,0.33,1031030.00,560160.00,3712.00,221317.33,938.83,45957.67,29104.50,46123.00,6035.00,8802.17,25.00,61.33,13.67,0.00,0.00